"no","name","category","designation","prefecture","region","latitude","longitude","source_type","source_url","source_record_id","coordinate_source","selection_role","selection_rule"
"1","伊勢神宮 内宮","近畿五芒星・固定アンカー","記事の事前登録地点","三重県","東海","34.455000","136.725200","提供元アンカー","provided:candidate-sites-200.csv","anchor-001","提供されたcandidate-sites-200.csv","target-anchor","article target; fixed before background sampling"
"2","熊野本宮大社","近畿五芒星・固定アンカー","記事の事前登録地点","和歌山県","近畿","33.840600","135.773400","提供元アンカー","provided:candidate-sites-200.csv","anchor-002","提供されたcandidate-sites-200.csv","target-anchor","article target; fixed before background sampling"
"3","伊弉諾神宮","近畿五芒星・固定アンカー","記事の事前登録地点","兵庫県","近畿","34.460100","134.852500","提供元アンカー","provided:candidate-sites-200.csv","anchor-003","提供されたcandidate-sites-200.csv","target-anchor","article target; fixed before background sampling"
"4","元伊勢皇大神社","近畿五芒星・固定アンカー","記事の事前登録地点","京都府","近畿","35.430400","135.154300","提供元アンカー","provided:candidate-sites-200.csv","anchor-004","提供されたcandidate-sites-200.csv","target-anchor","article target; fixed before background sampling"
"5","伊吹山","近畿五芒星・固定アンカー","記事の事前登録地点","滋賀県","近畿","35.417800","136.406400","提供元アンカー","provided:candidate-sites-200.csv","anchor-005","提供されたcandidate-sites-200.csv","target-anchor","article target; fixed before background sampling"
"6","日光の社寺","世界遺産","世界遺産","栃木県","関東","36.758204","139.596767","文化庁・国指定等文化財DB","https://kunishitei.bunka.go.jp/bsys/index","901-8","文化庁DBの緯度・経度欄","official-background","official-pool; category+region quota; deterministic SHA-256 rank"
"7","原爆ドーム","世界遺産","世界遺産","広島県","中国","34.395643","132.453593","文化庁・国指定等文化財DB","https://kunishitei.bunka.go.jp/bsys/index","901-5","文化庁DBの緯度・経度欄","official-background","official-pool; category+region quota; deterministic SHA-256 rank"
"8","佐渡島の金山","世界遺産","世界遺産","新潟県","北陸甲信","37.909722","138.325278","文化庁・国指定等文化財DB","https://kunishitei.bunka.go.jp/bsys/index","901-00000024","文化庁DBの緯度・経度欄","official-background","official-pool; category+region quota; deterministic SHA-256 rank"
"9","「神宿る島」宗像・沖ノ島と関連遺産群","世界遺産","世界遺産","福岡県","九州","33.805544","130.540506","文化庁・国指定等文化財DB","https://kunishitei.bunka.go.jp/bsys/index","901-15","文化庁DBの緯度・経度欄","official-background","official-pool; category+region quota; deterministic SHA-256 rank"
"10","平泉―仏国土（浄土）を表す建築・庭園及び考古学的遺跡群―","世界遺産","世界遺産","岩手県","東北","39.001593","141.099942","文化庁・国指定等文化財DB","https://kunishitei.bunka.go.jp/bsys/index","901-13","文化庁DBの緯度・経度欄","official-background","official-pool; category+region quota; deterministic SHA-256 rank"
"11","琉球王国のグスク及び関連遺産群","世界遺産","世界遺産","沖縄県","沖縄","26.690766","127.929985","文化庁・国指定等文化財DB","https://kunishitei.bunka.go.jp/bsys/index","901-9","文化庁DBの緯度・経度欄","official-background","official-pool; category+region quota; deterministic SHA-256 rank"
"12","富岡製糸場と絹産業遺産群","世界遺産","世界遺産","群馬県","関東","36.391194","139.060956","文化庁・国指定等文化財DB","https://kunishitei.bunka.go.jp/bsys/index","901-17","文化庁DBの緯度・経度欄","official-background","official-pool; category+region quota; deterministic SHA-256 rank"
"13","石見銀山遺跡とその文化的景観","世界遺産","世界遺産","島根県","中国","35.103708","132.437207","文化庁・国指定等文化財DB","https://kunishitei.bunka.go.jp/bsys/index","901-11","文化庁DBの緯度・経度欄","official-background","official-pool; category+region quota; deterministic SHA-256 rank"
"14","古都奈良の文化財","世界遺産","世界遺産","奈良県","近畿","34.688232","135.839868","文化庁・国指定等文化財DB","https://kunishitei.bunka.go.jp/bsys/index","901-7","文化庁DBの緯度・経度欄","official-background","official-pool; category+region quota; deterministic SHA-256 rank"
"15","百舌鳥・古市古墳群―古代日本の墳墓群―","世界遺産","世界遺産","大阪府","近畿","34.573686","135.482864","文化庁・国指定等文化財DB","https://kunishitei.bunka.go.jp/bsys/index","901-00000020","文化庁DBの緯度・経度欄","official-background","official-pool; category+region quota; deterministic SHA-256 rank"
"16","法隆寺地域の仏教建造物","世界遺産","世界遺産","奈良県","近畿","34.614558","135.734201","文化庁・国指定等文化財DB","https://kunishitei.bunka.go.jp/bsys/index","901-1","文化庁DBの緯度・経度欄","official-background","official-pool; category+region quota; deterministic SHA-256 rank"
"17","大洲城三の丸南隅櫓","城郭建築","重要文化財","愛媛県","四国","33.506740","132.540765","文化庁・国指定等文化財DB","https://kunishitei.bunka.go.jp/bsys/index","102-3379","文化庁DBの緯度・経度欄","official-background","official-pool; category+region quota; deterministic SHA-256 rank"
"18","福山城（松前城）本丸御門","城郭建築","重要文化財","北海道","北海道","41.429697","140.108108","文化庁・国指定等文化財DB","https://kunishitei.bunka.go.jp/bsys/index","102-25","文化庁DBの緯度・経度欄","official-background","official-pool; category+region quota; deterministic SHA-256 rank"
"19","油山寺山門","城郭建築","重要文化財","静岡県","東海","34.784574","137.936157","文化庁・国指定等文化財DB","https://kunishitei.bunka.go.jp/bsys/index","102-1155","文化庁DBの緯度・経度欄","official-background","official-pool; category+region quota; deterministic SHA-256 rank"
"20","福岡城南丸多聞櫓","城郭建築","重要文化財","福岡県","九州","33.583460","130.381997","文化庁・国指定等文化財DB","https://kunishitei.bunka.go.jp/bsys/index","102-3466","文化庁DBの緯度・経度欄","official-background","official-pool; category+region quota; deterministic SHA-256 rank"
"21","新発田城","城郭建築","重要文化財","新潟県","北陸甲信","37.954713","139.326018","文化庁・国指定等文化財DB","https://kunishitei.bunka.go.jp/bsys/index","102-636","文化庁DBの緯度・経度欄","official-background","official-pool; category+region quota; deterministic SHA-256 rank"
"22","弘前城三の丸東門","城郭建築","重要文化財","青森県","東北","40.607162","140.467710","文化庁・国指定等文化財DB","https://kunishitei.bunka.go.jp/bsys/index","102-61","文化庁DBの緯度・経度欄","official-background","official-pool; category+region quota; deterministic SHA-256 rank"
"23","旧江戸城田安門","城郭建築","重要文化財","東京都","関東","35.694283","139.749370","文化庁・国指定等文化財DB","https://kunishitei.bunka.go.jp/bsys/index","102-500","文化庁DBの緯度・経度欄","official-background","official-pool; category+region quota; deterministic SHA-256 rank"
"24","宇和島城天守","城郭建築","重要文化財","愛媛県","四国","33.219462","132.565240","文化庁・国指定等文化財DB","https://kunishitei.bunka.go.jp/bsys/index","102-3375","文化庁DBの緯度・経度欄","official-background","official-pool; category+region quota; deterministic SHA-256 rank"
"25","名古屋城二之丸大手二之門","城郭建築","重要文化財","愛知県","東海","35.182936","136.900681","文化庁・国指定等文化財DB","https://kunishitei.bunka.go.jp/bsys/index","102-1188","文化庁DBの緯度・経度欄","official-background","official-pool; category+region quota; deterministic SHA-256 rank"
"26","熊本城","城郭建築","重要文化財","熊本県","九州","32.806501","130.704808","文化庁・国指定等文化財DB","https://kunishitei.bunka.go.jp/bsys/index","102-3546","文化庁DBの緯度・経度欄","official-background","official-pool; category+region quota; deterministic SHA-256 rank"
"27","小諸城","城郭建築","重要文化財","長野県","北陸甲信","36.328648","138.421908","文化庁・国指定等文化財DB","https://kunishitei.bunka.go.jp/bsys/index","102-952","文化庁DBの緯度・経度欄","official-background","official-pool; category+region quota; deterministic SHA-256 rank"
"28","福山城","城郭建築","重要文化財","広島県","中国","34.489726","133.360751","文化庁・国指定等文化財DB","https://kunishitei.bunka.go.jp/bsys/index","102-3145","文化庁DBの緯度・経度欄","official-background","official-pool; category+region quota; deterministic SHA-256 rank"
"29","犬山城天守","城郭建築","国宝","愛知県","東海","35.388347","136.939287","文化庁・国指定等文化財DB","https://kunishitei.bunka.go.jp/bsys/index","102-1239","文化庁DBの緯度・経度欄","official-background","official-pool; category+region quota; deterministic SHA-256 rank"
"30","佐賀城鯱の門及び続櫓","城郭建築","重要文化財","佐賀県","九州","33.245916","130.302883","文化庁・国指定等文化財DB","https://kunishitei.bunka.go.jp/bsys/index","102-3506","文化庁DBの緯度・経度欄","official-background","official-pool; category+region quota; deterministic SHA-256 rank"
"31","高知城","城郭建築","重要文化財","高知県","四国","33.560805","133.531543","文化庁・国指定等文化財DB","https://kunishitei.bunka.go.jp/bsys/index","102-3419","文化庁DBの緯度・経度欄","official-background","official-pool; category+region quota; deterministic SHA-256 rank"
"32","岡山城西丸西手櫓","城郭建築","重要文化財","岡山県","中国","34.664946","133.930886","文化庁・国指定等文化財DB","https://kunishitei.bunka.go.jp/bsys/index","102-2999","文化庁DBの緯度・経度欄","official-background","official-pool; category+region quota; deterministic SHA-256 rank"
"33","金沢城石川門","城郭建築","重要文化財","石川県","北陸甲信","36.565292","136.661419","文化庁・国指定等文化財DB","https://kunishitei.bunka.go.jp/bsys/index","102-753","文化庁DBの緯度・経度欄","official-background","official-pool; category+region quota; deterministic SHA-256 rank"
"34","丸亀城天守","城郭建築","重要文化財","香川県","四国","34.286280","133.800115","文化庁・国指定等文化財DB","https://kunishitei.bunka.go.jp/bsys/index","102-3286","文化庁DBの緯度・経度欄","official-background","official-pool; category+region quota; deterministic SHA-256 rank"
"35","松本城天守","城郭建築","国宝","長野県","北陸甲信","36.238613","137.968846","文化庁・国指定等文化財DB","https://kunishitei.bunka.go.jp/bsys/index","102-920","文化庁DBの緯度・経度欄","official-background","official-pool; category+region quota; deterministic SHA-256 rank"
"36","備中松山城","城郭建築","重要文化財","岡山県","中国","34.809100","133.622398","文化庁・国指定等文化財DB","https://kunishitei.bunka.go.jp/bsys/index","102-3030","文化庁DBの緯度・経度欄","official-background","official-pool; category+region quota; deterministic SHA-256 rank"
"37","五稜郭跡","特別史跡","特別史跡","北海道","北海道","41.796887","140.756827","文化庁・国指定等文化財DB","https://kunishitei.bunka.go.jp/bsys/index","401-7","文化庁DBの緯度・経度欄","official-background","official-pool; category+region quota; deterministic SHA-256 rank"
"38","大湯環状列石","特別史跡","特別史跡","秋田県","東北","40.271337","140.804319","文化庁・国指定等文化財DB","https://kunishitei.bunka.go.jp/bsys/index","401-268","文化庁DBの緯度・経度欄","official-background","official-pool; category+region quota; deterministic SHA-256 rank"
"39","多胡碑","特別史跡","特別史跡","群馬県","関東","36.264682","138.996475","文化庁・国指定等文化財DB","https://kunishitei.bunka.go.jp/bsys/index","401-519","文化庁DBの緯度・経度欄","official-background","official-pool; category+region quota; deterministic SHA-256 rank"
"40","大谷磨崖仏","特別史跡","特別史跡","栃木県","関東","36.596286","139.820872","文化庁・国指定等文化財DB","https://kunishitei.bunka.go.jp/bsys/index","401-470","文化庁DBの緯度・経度欄","official-background","official-pool; category+region quota; deterministic SHA-256 rank"
"41","三内丸山遺跡","特別史跡","特別史跡","青森県","東北","40.811030","140.698491","文化庁・国指定等文化財DB","https://kunishitei.bunka.go.jp/bsys/index","401-108","文化庁DBの緯度・経度欄","official-background","official-pool; category+region quota; deterministic SHA-256 rank"
"42","登呂遺跡","特別史跡","特別史跡","静岡県","東海","34.956031","138.408966","文化庁・国指定等文化財DB","https://kunishitei.bunka.go.jp/bsys/index","401-1353","文化庁DBの緯度・経度欄","official-background","official-pool; category+region quota; deterministic SHA-256 rank"
"43","常陸国分寺跡","特別史跡","特別史跡","茨城県","関東","36.196360","140.273701","文化庁・国指定等文化財DB","https://kunishitei.bunka.go.jp/bsys/index","401-427","文化庁DBの緯度・経度欄","official-background","official-pool; category+region quota; deterministic SHA-256 rank"
"44","金田城跡","特別史跡","特別史跡","長崎県","九州","34.296773","129.272707","文化庁・国指定等文化財DB","https://kunishitei.bunka.go.jp/bsys/index","401-2782","文化庁DBの緯度・経度欄","official-background","official-pool; category+region quota; deterministic SHA-256 rank"
"45","遠江国分寺跡","特別史跡","特別史跡","静岡県","東海","34.719485","137.851380","文化庁・国指定等文化財DB","https://kunishitei.bunka.go.jp/bsys/index","401-1323","文化庁DBの緯度・経度欄","official-background","official-pool; category+region quota; deterministic SHA-256 rank"
"46","山上碑及び古墳","特別史跡","特別史跡","群馬県","関東","36.277111","139.027778","文化庁・国指定等文化財DB","https://kunishitei.bunka.go.jp/bsys/index","401-520","文化庁DBの緯度・経度欄","official-background","official-pool; category+region quota; deterministic SHA-256 rank"
"47","多賀城跡
　附　寺跡","特別史跡","特別史跡","宮城県","東北","38.306053","140.988416","文化庁・国指定等文化財DB","https://kunishitei.bunka.go.jp/bsys/index","401-181","文化庁DBの緯度・経度欄","official-background","official-pool; category+region quota; deterministic SHA-256 rank"
"48","臼杵磨崖仏
　附　日吉塔、嘉応二年在銘五輪塔
　承安二年在銘五輪塔","特別史跡","特別史跡","大分県","九州","33.090918","131.765432","文化庁・国指定等文化財DB","https://kunishitei.bunka.go.jp/bsys/index","401-2860","文化庁DBの緯度・経度欄","official-background","official-pool; category+region quota; deterministic SHA-256 rank"
"49","平城宮跡","特別史跡","特別史跡","奈良県","近畿","34.692048","135.797181","文化庁・国指定等文化財DB","https://kunishitei.bunka.go.jp/bsys/index","401-1942","文化庁DBの緯度・経度欄","official-background","official-pool; category+region quota; deterministic SHA-256 rank"
"50","加曽利貝塚","特別史跡","特別史跡","千葉県","関東","35.607214","140.106433","文化庁・国指定等文化財DB","https://kunishitei.bunka.go.jp/bsys/index","401-00003988","文化庁DBの緯度・経度欄","official-background","official-pool; category+region quota; deterministic SHA-256 rank"
"51","新居関跡","特別史跡","特別史跡","静岡県","東海","34.694795","137.561366","文化庁・国指定等文化財DB","https://kunishitei.bunka.go.jp/bsys/index","401-1316","文化庁DBの緯度・経度欄","official-background","official-pool; category+region quota; deterministic SHA-256 rank"
"52","一乗谷朝倉氏遺跡","特別史跡","特別史跡","福井県","北陸甲信","36.001399","136.296984","文化庁・国指定等文化財DB","https://kunishitei.bunka.go.jp/bsys/index","401-00003445","文化庁DBの緯度・経度欄","official-background","official-pool; category+region quota; deterministic SHA-256 rank"
"53","厳島","特別史跡","特別史跡","広島県","中国","34.271168","132.306123","文化庁・国指定等文化財DB","https://kunishitei.bunka.go.jp/bsys/index","401-2315","文化庁DBの緯度・経度欄","official-background","official-pool; category+region quota; deterministic SHA-256 rank"
"54","西都原古墳群","特別史跡","特別史跡","宮崎県","九州","32.111502","131.385187","文化庁・国指定等文化財DB","https://kunishitei.bunka.go.jp/bsys/index","401-2918","文化庁DBの緯度・経度欄","official-background","official-pool; category+region quota; deterministic SHA-256 rank"
"55","山田寺跡","特別史跡","特別史跡","奈良県","近畿","34.484046","135.830127","文化庁・国指定等文化財DB","https://kunishitei.bunka.go.jp/bsys/index","401-1931","文化庁DBの緯度・経度欄","official-background","official-pool; category+region quota; deterministic SHA-256 rank"
"56","日光杉並木街道
　附　並木寄進碑","特別史跡","特別史跡","栃木県","関東","36.690766","139.716747","文化庁・国指定等文化財DB","https://kunishitei.bunka.go.jp/bsys/index","401-467","文化庁DBの緯度・経度欄","official-background","official-pool; category+region quota; deterministic SHA-256 rank"
"57","讃岐国分寺跡","特別史跡","特別史跡","香川県","四国","34.302906","133.944161","文化庁・国指定等文化財DB","https://kunishitei.bunka.go.jp/bsys/index","401-2509","文化庁DBの緯度・経度欄","official-background","official-pool; category+region quota; deterministic SHA-256 rank"
"58","本居宣長旧宅
　同　宅跡","特別史跡","特別史跡","三重県","東海","34.575245","136.525833","文化庁・国指定等文化財DB","https://kunishitei.bunka.go.jp/bsys/index","401-1491","文化庁DBの緯度・経度欄","official-background","official-pool; category+region quota; deterministic SHA-256 rank"
"59","高松塚古墳","特別史跡","特別史跡","奈良県","近畿","34.462268","135.806199","文化庁・国指定等文化財DB","https://kunishitei.bunka.go.jp/bsys/index","401-2020","文化庁DBの緯度・経度欄","official-background","official-pool; category+region quota; deterministic SHA-256 rank"
"60","尖石石器時代遺跡","特別史跡","特別史跡","長野県","北陸甲信","36.013657","138.233154","文化庁・国指定等文化財DB","https://kunishitei.bunka.go.jp/bsys/index","401-1178","文化庁DBの緯度・経度欄","official-background","official-pool; category+region quota; deterministic SHA-256 rank"
"61","埼玉古墳群","特別史跡","特別史跡","埼玉県","関東","36.123086","139.477873","文化庁・国指定等文化財DB","https://kunishitei.bunka.go.jp/bsys/index","401-603","文化庁DBの緯度・経度欄","official-background","official-pool; category+region quota; deterministic SHA-256 rank"
"62","斎尾廃寺跡","特別史跡","特別史跡","鳥取県","中国","35.481712","133.711450","文化庁・国指定等文化財DB","https://kunishitei.bunka.go.jp/bsys/index","401-2118","文化庁DBの緯度・経度欄","official-background","official-pool; category+region quota; deterministic SHA-256 rank"
"63","王塚古墳","特別史跡","特別史跡","福岡県","九州","33.588734","130.663595","文化庁・国指定等文化財DB","https://kunishitei.bunka.go.jp/bsys/index","401-2631","文化庁DBの緯度・経度欄","official-background","official-pool; category+region quota; deterministic SHA-256 rank"
"64","岩橋千塚古墳群","特別史跡","特別史跡","和歌山県","近畿","34.225355","135.226501","文化庁・国指定等文化財DB","https://kunishitei.bunka.go.jp/bsys/index","401-2070","文化庁DBの緯度・経度欄","official-background","official-pool; category+region quota; deterministic SHA-256 rank"
"65","旧弘道館","特別史跡","特別史跡","茨城県","関東","36.375808","140.477086","文化庁・国指定等文化財DB","https://kunishitei.bunka.go.jp/bsys/index","401-425","文化庁DBの緯度・経度欄","official-background","official-pool; category+region quota; deterministic SHA-256 rank"
"66","大宰府跡","特別史跡","特別史跡","福岡県","九州","33.514595","130.515174","文化庁・国指定等文化財DB","https://kunishitei.bunka.go.jp/bsys/index","401-2599","文化庁DBの緯度・経度欄","official-background","official-pool; category+region quota; deterministic SHA-256 rank"
"67","廉塾ならびに菅茶山旧宅","特別史跡","特別史跡","広島県","中国","34.544659","133.384567","文化庁・国指定等文化財DB","https://kunishitei.bunka.go.jp/bsys/index","401-2324","文化庁DBの緯度・経度欄","official-background","official-pool; category+region quota; deterministic SHA-256 rank"
"68","鹿苑寺（金閣寺）庭園","特別史跡","特別史跡","京都府","近畿","35.039653","135.728609","文化庁・国指定等文化財DB","https://kunishitei.bunka.go.jp/bsys/index","401-1657","文化庁DBの緯度・経度欄","official-background","official-pool; category+region quota; deterministic SHA-256 rank"
"69","旧浜離宮庭園","特別史跡","特別名勝","東京都","関東","35.659892","139.763350","文化庁・国指定等文化財DB","https://kunishitei.bunka.go.jp/bsys/index","401-712","文化庁DBの緯度・経度欄","official-background","official-pool; category+region quota; deterministic SHA-256 rank"
"70","原の辻遺跡","特別史跡","特別史跡","長崎県","九州","33.758784","129.751861","文化庁・国指定等文化財DB","https://kunishitei.bunka.go.jp/bsys/index","401-2791","文化庁DBの緯度・経度欄","official-background","official-pool; category+region quota; deterministic SHA-256 rank"
"71","本薬師寺跡","特別史跡","特別史跡","奈良県","近畿","34.492662","135.799985","文化庁・国指定等文化財DB","https://kunishitei.bunka.go.jp/bsys/index","401-1934","文化庁DBの緯度・経度欄","official-background","official-pool; category+region quota; deterministic SHA-256 rank"
"72","野幌原始林","特別天然記念物","特別天然記念物","北海道","北海道","42.991107","141.533575","文化庁・国指定等文化財DB","https://kunishitei.bunka.go.jp/bsys/index","401-4","文化庁DBの緯度・経度欄","official-background","official-pool; category+region quota; deterministic SHA-256 rank"
"73","玉川温泉の北投石","特別天然記念物","特別天然記念物","秋田県","東北","39.960843","140.730175","文化庁・国指定等文化財DB","https://kunishitei.bunka.go.jp/bsys/index","401-256","文化庁DBの緯度・経度欄","official-background","official-pool; category+region quota; deterministic SHA-256 rank"
"74","大雪山","特別天然記念物","特別天然記念物","北海道","北海道","43.551006","142.829943","文化庁・国指定等文化財DB","https://kunishitei.bunka.go.jp/bsys/index","401-44","文化庁DBの緯度・経度欄","official-background","official-pool; category+region quota; deterministic SHA-256 rank"
"75","小湊のハクチョウおよびその渡来地","特別天然記念物","特別天然記念物","青森県","東北","40.937143","140.970414","文化庁・国指定等文化財DB","https://kunishitei.bunka.go.jp/bsys/index","401-90","文化庁DBの緯度・経度欄","official-background","official-pool; category+region quota; deterministic SHA-256 rank"
"76","狩宿の下馬ザクラ","特別天然記念物","特別天然記念物","静岡県","東海","35.301472","138.588500","文化庁・国指定等文化財DB","https://kunishitei.bunka.go.jp/bsys/index","401-1322","文化庁DBの緯度・経度欄","official-background","official-pool; category+region quota; deterministic SHA-256 rank"
"77","宝生院のシンパク","特別天然記念物","特別天然記念物","香川県","四国","34.493347","134.197464","文化庁・国指定等文化財DB","https://kunishitei.bunka.go.jp/bsys/index","401-2504","文化庁DBの緯度・経度欄","official-background","official-pool; category+region quota; deterministic SHA-256 rank"
"78","昭和新山","特別天然記念物","特別天然記念物","北海道","北海道","42.542573","140.864392","文化庁・国指定等文化財DB","https://kunishitei.bunka.go.jp/bsys/index","401-33","文化庁DBの緯度・経度欄","official-background","official-pool; category+region quota; deterministic SHA-256 rank"
"79","鳴沢熔岩樹型","特別天然記念物","特別天然記念物","山梨県","北陸甲信","35.480056","138.698361","文化庁・国指定等文化財DB","https://kunishitei.bunka.go.jp/bsys/index","401-1111","文化庁DBの緯度・経度欄","official-background","official-pool; category+region quota; deterministic SHA-256 rank"
"80","鬼首の雌釜および雄釜間歇温泉","特別天然記念物","特別天然記念物","宮城県","東北","38.823355","140.690317","文化庁・国指定等文化財DB","https://kunishitei.bunka.go.jp/bsys/index","401-187","文化庁DBの緯度・経度欄","official-background","official-pool; category+region quota; deterministic SHA-256 rank"
"81","湧玉池","特別天然記念物","特別天然記念物","静岡県","東海","35.227386","138.611398","文化庁・国指定等文化財DB","https://kunishitei.bunka.go.jp/bsys/index","401-1349","文化庁DBの緯度・経度欄","official-background","official-pool; category+region quota; deterministic SHA-256 rank"
"82","大島のサクラ株","特別天然記念物","特別天然記念物","東京都","関東","34.762917","139.429194","文化庁・国指定等文化財DB","https://kunishitei.bunka.go.jp/bsys/index","401-701","文化庁DBの緯度・経度欄","official-background","official-pool; category+region quota; deterministic SHA-256 rank"
"83","ホタルイカ群遊海面","特別天然記念物","特別天然記念物","富山県","北陸甲信","36.788248","137.349906","文化庁・国指定等文化財DB","https://kunishitei.bunka.go.jp/bsys/index","401-946","文化庁DBの緯度・経度欄","official-background","official-pool; category+region quota; deterministic SHA-256 rank"
"84","八代のツルおよびその渡来地","特別天然記念物","特別天然記念物","山口県","中国","34.093481","131.943741","文化庁・国指定等文化財DB","https://kunishitei.bunka.go.jp/bsys/index","401-2362","文化庁DBの緯度・経度欄","official-background","official-pool; category+region quota; deterministic SHA-256 rank"
"85","杉の大スギ","特別天然記念物","特別天然記念物","高知県","四国","33.754083","133.663306","文化庁・国指定等文化財DB","https://kunishitei.bunka.go.jp/bsys/index","401-2570","文化庁DBの緯度・経度欄","official-background","official-pool; category+region quota; deterministic SHA-256 rank"
"86","根反の大珪化木","特別天然記念物","特別天然記念物","岩手県","東北","40.190327","141.334595","文化庁・国指定等文化財DB","https://kunishitei.bunka.go.jp/bsys/index","401-139","文化庁DBの緯度・経度欄","official-background","official-pool; category+region quota; deterministic SHA-256 rank"
"87","アポイ岳高山植物群落","特別天然記念物","特別天然記念物","北海道","北海道","42.113779","143.031911","文化庁・国指定等文化財DB","https://kunishitei.bunka.go.jp/bsys/index","401-26","文化庁DBの緯度・経度欄","official-background","official-pool; category+region quota; deterministic SHA-256 rank"
"88","コウシンソウ自生地","特別天然記念物","特別天然記念物","栃木県","関東","36.673817","139.367979","文化庁・国指定等文化財DB","https://kunishitei.bunka.go.jp/bsys/index","401-465","文化庁DBの緯度・経度欄","official-background","official-pool; category+region quota; deterministic SHA-256 rank"
"89","長岡のゲンジボタルおよびその発生地","特別天然記念物","特別天然記念物","滋賀県","近畿","35.352885","136.367788","文化庁・国指定等文化財DB","https://kunishitei.bunka.go.jp/bsys/index","401-1583","文化庁DBの緯度・経度欄","official-background","official-pool; category+region quota; deterministic SHA-256 rank"
"90","蒲生のクス","特別天然記念物","特別天然記念物","鹿児島県","九州","31.765610","130.569626","文化庁・国指定等文化財DB","https://kunishitei.bunka.go.jp/bsys/index","401-2978","文化庁DBの緯度・経度欄","official-background","official-pool; category+region quota; deterministic SHA-256 rank"
"91","根尾谷の菊花石","特別天然記念物","特別天然記念物","岐阜県","北陸甲信","35.671896","136.690565","文化庁・国指定等文化財DB","https://kunishitei.bunka.go.jp/bsys/index","401-1272","文化庁DBの緯度・経度欄","official-background","official-pool; category+region quota; deterministic SHA-256 rank"
"92","大根島の熔岩隧道","特別天然記念物","特別天然記念物","島根県","中国","35.492386","133.184357","文化庁・国指定等文化財DB","https://kunishitei.bunka.go.jp/bsys/index","401-2167","文化庁DBの緯度・経度欄","official-background","official-pool; category+region quota; deterministic SHA-256 rank"
"93","焼走り熔岩流","特別天然記念物","特別天然記念物","岩手県","東北","39.869892","141.044263","文化庁・国指定等文化財DB","https://kunishitei.bunka.go.jp/bsys/index","401-155","文化庁DBの緯度・経度欄","official-background","official-pool; category+region quota; deterministic SHA-256 rank"
"94","御岳の鏡岩","特別天然記念物","特別天然記念物","埼玉県","関東","36.179167","139.070472","文化庁・国指定等文化財DB","https://kunishitei.bunka.go.jp/bsys/index","401-604","文化庁DBの緯度・経度欄","official-background","official-pool; category+region quota; deterministic SHA-256 rank"
"95","八釜の甌穴群","特別天然記念物","特別天然記念物","愛媛県","四国","33.524987","132.992708","文化庁・国指定等文化財DB","https://kunishitei.bunka.go.jp/bsys/index","401-2541","文化庁DBの緯度・経度欄","official-background","official-pool; category+region quota; deterministic SHA-256 rank"
"96","青島亜熱帯性植物群落","特別天然記念物","特別天然記念物","宮崎県","九州","31.804695","131.475691","文化庁・国指定等文化財DB","https://kunishitei.bunka.go.jp/bsys/index","401-2906","文化庁DBの緯度・経度欄","official-background","official-pool; category+region quota; deterministic SHA-256 rank"
"97","岩間の噴泉塔群","特別天然記念物","特別天然記念物","石川県","北陸甲信","36.231415","136.767400","文化庁・国指定等文化財DB","https://kunishitei.bunka.go.jp/bsys/index","401-1002","文化庁DBの緯度・経度欄","official-background","official-pool; category+region quota; deterministic SHA-256 rank"
"98","牛島のフジ","特別天然記念物","特別天然記念物","埼玉県","関東","35.985000","139.773222","文化庁・国指定等文化財DB","https://kunishitei.bunka.go.jp/bsys/index","401-595","文化庁DBの緯度・経度欄","official-background","official-pool; category+region quota; deterministic SHA-256 rank"
"99","秋吉台","特別天然記念物","特別天然記念物","山口県","中国","34.249865","131.303032","文化庁・国指定等文化財DB","https://kunishitei.bunka.go.jp/bsys/index","401-2432","文化庁DBの緯度・経度欄","official-background","official-pool; category+region quota; deterministic SHA-256 rank"
"100","羽黒山のスギ並木","特別天然記念物","特別天然記念物","山形県","東北","38.704160","139.970098","文化庁・国指定等文化財DB","https://kunishitei.bunka.go.jp/bsys/index","401-300","文化庁DBの緯度・経度欄","official-background","official-pool; category+region quota; deterministic SHA-256 rank"
"101","阿寒湖のマリモ","特別天然記念物","特別天然記念物","北海道","北海道","43.453222","144.102295","文化庁・国指定等文化財DB","https://kunishitei.bunka.go.jp/bsys/index","401-2","文化庁DBの緯度・経度欄","official-background","official-pool; category+region quota; deterministic SHA-256 rank"
"102","鹿児島県のツルおよびその渡来地","特別天然記念物","特別天然記念物","鹿児島県","九州","32.099157","130.276285","文化庁・国指定等文化財DB","https://kunishitei.bunka.go.jp/bsys/index","401-2973","文化庁DBの緯度・経度欄","official-background","official-pool; category+region quota; deterministic SHA-256 rank"
"103","浅間山熔岩樹型","特別天然記念物","特別天然記念物","群馬県","関東","36.431552","138.559474","文化庁・国指定等文化財DB","https://kunishitei.bunka.go.jp/bsys/index","401-552","文化庁DBの緯度・経度欄","official-background","official-pool; category+region quota; deterministic SHA-256 rank"
"104","加茂の大クス","特別天然記念物","特別天然記念物","徳島県","四国","34.040913","133.931931","文化庁・国指定等文化財DB","https://kunishitei.bunka.go.jp/bsys/index","401-2480","文化庁DBの緯度・経度欄","official-background","official-pool; category+region quota; deterministic SHA-256 rank"
"105","石徹白のスギ","特別天然記念物","特別天然記念物","岐阜県","北陸甲信","35.992085","136.768707","文化庁・国指定等文化財DB","https://kunishitei.bunka.go.jp/bsys/index","401-1245","文化庁DBの緯度・経度欄","official-background","official-pool; category+region quota; deterministic SHA-256 rank"
"106","早池峰山および薬師岳の高山帯・森林植物群落","特別天然記念物","特別天然記念物","岩手県","東北","39.556318","141.471555","文化庁・国指定等文化財DB","https://kunishitei.bunka.go.jp/bsys/index","401-124","文化庁DBの緯度・経度欄","official-background","official-pool; category+region quota; deterministic SHA-256 rank"
"107","秋芳洞","特別天然記念物","特別天然記念物","山口県","中国","34.228530","131.303593","文化庁・国指定等文化財DB","https://kunishitei.bunka.go.jp/bsys/index","401-2364","文化庁DBの緯度・経度欄","official-background","official-pool; category+region quota; deterministic SHA-256 rank"
"108","相良のアイラトビカズラ","特別天然記念物","特別天然記念物","熊本県","九州","33.064240","130.768387","文化庁・国指定等文化財DB","https://kunishitei.bunka.go.jp/bsys/index","401-2823","文化庁DBの緯度・経度欄","official-background","official-pool; category+region quota; deterministic SHA-256 rank"
"109","田島ヶ原サクラソウ自生地","特別天然記念物","特別天然記念物","埼玉県","関東","35.838852","139.616233","文化庁・国指定等文化財DB","https://kunishitei.bunka.go.jp/bsys/index","401-591","文化庁DBの緯度・経度欄","official-background","official-pool; category+region quota; deterministic SHA-256 rank"
"110","黒部峡谷
　附　猿飛並びに奥鐘山","特別天然記念物","特別名勝","富山県","北陸甲信","36.604075","137.676333","文化庁・国指定等文化財DB","https://kunishitei.bunka.go.jp/bsys/index","401-960","文化庁DBの緯度・経度欄","official-background","official-pool; category+region quota; deterministic SHA-256 rank"
"111","東根の大ケヤキ","特別天然記念物","特別天然記念物","山形県","東北","38.441917","140.402451","文化庁・国指定等文化財DB","https://kunishitei.bunka.go.jp/bsys/index","401-291","文化庁DBの緯度・経度欄","official-background","official-pool; category+region quota; deterministic SHA-256 rank"
"112","権現堂","神社建築","重要文化財","沖縄県","沖縄","24.343541","124.155959","文化庁・国指定等文化財DB","https://kunishitei.bunka.go.jp/bsys/index","102-3657","文化庁DBの緯度・経度欄","official-background","official-pool; category+region quota; deterministic SHA-256 rank"
"113","源敬公（徳川義直）廟","神社建築","重要文化財","愛知県","東海","35.280374","137.092253","文化庁・国指定等文化財DB","https://kunishitei.bunka.go.jp/bsys/index","102-1218","文化庁DBの緯度・経度欄","official-background","official-pool; category+region quota; deterministic SHA-256 rank"
"114","庫蔵寺鎮守堂","神社建築","重要文化財","三重県","東海","34.448388","136.819218","文化庁・国指定等文化財DB","https://kunishitei.bunka.go.jp/bsys/index","102-1307","文化庁DBの緯度・経度欄","official-background","official-pool; category+region quota; deterministic SHA-256 rank"
"115","一乗寺妙見堂","神社建築","重要文化財","兵庫県","近畿","34.859548","134.818601","文化庁・国指定等文化財DB","https://kunishitei.bunka.go.jp/bsys/index","102-2389","文化庁DBの緯度・経度欄","official-background","official-pool; category+region quota; deterministic SHA-256 rank"
"116","久能山東照宮","神社建築","重要文化財","静岡県","東海","34.964674","138.467320","文化庁・国指定等文化財DB","https://kunishitei.bunka.go.jp/bsys/index","102-00004487","文化庁DBの緯度・経度欄","official-background","official-pool; category+region quota; deterministic SHA-256 rank"
"117","天神社本殿","神社建築","重要文化財","奈良県","近畿","34.680369","135.991025","文化庁・国指定等文化財DB","https://kunishitei.bunka.go.jp/bsys/index","102-2678","文化庁DBの緯度・経度欄","official-background","official-pool; category+region quota; deterministic SHA-256 rank"
"118","浜名惣社神明宮本殿","神社建築","重要文化財","静岡県","東海","34.811771","137.552853","文化庁・国指定等文化財DB","https://kunishitei.bunka.go.jp/bsys/index","102-1181","文化庁DBの緯度・経度欄","official-background","official-pool; category+region quota; deterministic SHA-256 rank"
"119","石清水八幡宮本社","神社建築","国宝","京都府","近畿","34.880042","135.700664","文化庁・国指定等文化財DB","https://kunishitei.bunka.go.jp/bsys/index","102-00004828","文化庁DBの緯度・経度欄","official-background","official-pool; category+region quota; deterministic SHA-256 rank"
"120","六所神社","神社建築","重要文化財","愛知県","東海","34.949437","137.168476","文化庁・国指定等文化財DB","https://kunishitei.bunka.go.jp/bsys/index","102-1208","文化庁DBの緯度・経度欄","official-background","official-pool; category+region quota; deterministic SHA-256 rank"
"121","八幡神社拝殿","神社建築","重要文化財","兵庫県","近畿","34.864310","134.961565","文化庁・国指定等文化財DB","https://kunishitei.bunka.go.jp/bsys/index","102-2381","文化庁DBの緯度・経度欄","official-background","official-pool; category+region quota; deterministic SHA-256 rank"
"122","御霊神社本殿","神社建築","重要文化財","兵庫県","近畿","34.899701","135.203034","文化庁・国指定等文化財DB","https://kunishitei.bunka.go.jp/bsys/index","102-2385","文化庁DBの緯度・経度欄","official-background","official-pool; category+region quota; deterministic SHA-256 rank"
"123","正八幡宮","神社建築","重要文化財","山口県","中国","34.035247","131.432684","文化庁・国指定等文化財DB","https://kunishitei.bunka.go.jp/bsys/index","102-3240","文化庁DBの緯度・経度欄","official-background","official-pool; category+region quota; deterministic SHA-256 rank"
"124","貫前神社","神社建築","重要文化財","群馬県","関東","36.255291","138.857653","文化庁・国指定等文化財DB","https://kunishitei.bunka.go.jp/bsys/index","102-411","文化庁DBの緯度・経度欄","official-background","official-pool; category+region quota; deterministic SHA-256 rank"
"125","宇志比古神社本殿","神社建築","重要文化財","徳島県","四国","34.162103","134.536902","文化庁・国指定等文化財DB","https://kunishitei.bunka.go.jp/bsys/index","102-3695","文化庁DBの緯度・経度欄","official-background","official-pool; category+region quota; deterministic SHA-256 rank"
"126","滝山東照宮","神社建築","重要文化財","愛知県","東海","34.988399","137.205974","文化庁・国指定等文化財DB","https://kunishitei.bunka.go.jp/bsys/index","102-1211","文化庁DBの緯度・経度欄","official-background","official-pool; category+region quota; deterministic SHA-256 rank"
"127","霧島神宮","神社建築","重要文化財","鹿児島県","九州","31.858787","130.871508","文化庁・国指定等文化財DB","https://kunishitei.bunka.go.jp/bsys/index","102-3635","文化庁DBの緯度・経度欄","official-background","official-pool; category+region quota; deterministic SHA-256 rank"
"128","押立神社本殿","神社建築","重要文化財","滋賀県","近畿","35.144628","136.238208","文化庁・国指定等文化財DB","https://kunishitei.bunka.go.jp/bsys/index","102-1502","文化庁DBの緯度・経度欄","official-background","official-pool; category+region quota; deterministic SHA-256 rank"
"129","日枝神社本殿","神社建築","重要文化財","埼玉県","関東","35.916974","139.489837","文化庁・国指定等文化財DB","https://kunishitei.bunka.go.jp/bsys/index","102-443","文化庁DBの緯度・経度欄","official-background","official-pool; category+region quota; deterministic SHA-256 rank"
"130","八幡宮本殿","神社建築","重要文化財","愛知県","東海","34.897591","137.151703","文化庁・国指定等文化財DB","https://kunishitei.bunka.go.jp/bsys/index","102-1206","文化庁DBの緯度・経度欄","official-background","official-pool; category+region quota; deterministic SHA-256 rank"
"131","浅間神社摂社山宮神社本殿","神社建築","重要文化財","山梨県","北陸甲信","35.634038","138.714059","文化庁・国指定等文化財DB","https://kunishitei.bunka.go.jp/bsys/index","102-883","文化庁DBの緯度・経度欄","official-background","official-pool; category+region quota; deterministic SHA-256 rank"
"132","八幡神社","神社建築","重要文化財","福島県","東北","37.776992","140.909758","文化庁・国指定等文化財DB","https://kunishitei.bunka.go.jp/bsys/index","102-00004569","文化庁DBの緯度・経度欄","official-background","official-pool; category+region quota; deterministic SHA-256 rank"
"133","厳島神社摂社大国神社本殿","神社建築","重要文化財","広島県","中国","34.295676","132.319814","文化庁・国指定等文化財DB","https://kunishitei.bunka.go.jp/bsys/index","102-3176","文化庁DBの緯度・経度欄","official-background","official-pool; category+region quota; deterministic SHA-256 rank"
"134","筥崎宮拝殿","神社建築","重要文化財","福岡県","九州","33.614628","130.423333","文化庁・国指定等文化財DB","https://kunishitei.bunka.go.jp/bsys/index","102-3461","文化庁DBの緯度・経度欄","official-background","official-pool; category+region quota; deterministic SHA-256 rank"
"135","日吉大社東本宮本殿及び拝殿","神社建築","国宝","滋賀県","近畿","35.073436","135.865002","文化庁・国指定等文化財DB","https://kunishitei.bunka.go.jp/bsys/index","102-1346","文化庁DBの緯度・経度欄","official-background","official-pool; category+region quota; deterministic SHA-256 rank"
"136","那須神社","神社建築","重要文化財","栃木県","関東","36.864211","140.087884","文化庁・国指定等文化財DB","https://kunishitei.bunka.go.jp/bsys/index","102-00004704","文化庁DBの緯度・経度欄","official-background","official-pool; category+region quota; deterministic SHA-256 rank"
"137","神谷神社本殿","神社建築","国宝","香川県","四国","34.324839","133.916761","文化庁・国指定等文化財DB","https://kunishitei.bunka.go.jp/bsys/index","102-3287","文化庁DBの緯度・経度欄","official-background","official-pool; category+region quota; deterministic SHA-256 rank"
"138","大縣神社","神社建築","重要文化財","愛知県","東海","35.330295","136.967410","文化庁・国指定等文化財DB","https://kunishitei.bunka.go.jp/bsys/index","102-1252","文化庁DBの緯度・経度欄","official-background","official-pool; category+region quota; deterministic SHA-256 rank"
"139","薦神社神門","神社建築","重要文化財","大分県","九州","33.567120","131.218282","文化庁・国指定等文化財DB","https://kunishitei.bunka.go.jp/bsys/index","102-3590","文化庁DBの緯度・経度欄","official-background","official-pool; category+region quota; deterministic SHA-256 rank"
"140","白山神社本殿","神社建築","重要文化財","石川県","北陸甲信","37.409412","137.213883","文化庁・国指定等文化財DB","https://kunishitei.bunka.go.jp/bsys/index","102-788","文化庁DBの緯度・経度欄","official-background","official-pool; category+region quota; deterministic SHA-256 rank"
"141","出雲大神宮本殿","神社建築","重要文化財","京都府","近畿","35.059439","135.578417","文化庁・国指定等文化財DB","https://kunishitei.bunka.go.jp/bsys/index","102-1979","文化庁DBの緯度・経度欄","official-background","official-pool; category+region quota; deterministic SHA-256 rank"
"142","神魂神社本殿","神社建築","国宝","島根県","中国","35.425503","133.084250","文化庁・国指定等文化財DB","https://kunishitei.bunka.go.jp/bsys/index","102-2951","文化庁DBの緯度・経度欄","official-background","official-pool; category+region quota; deterministic SHA-256 rank"
"143","相馬中村神社本殿・幣殿・拝殿","神社建築","重要文化財","福島県","東北","37.797369","140.912979","文化庁・国指定等文化財DB","https://kunishitei.bunka.go.jp/bsys/index","102-209","文化庁DBの緯度・経度欄","official-background","official-pool; category+region quota; deterministic SHA-256 rank"
"144","雑司ケ谷鬼子母神堂","神社建築","重要文化財","東京都","関東","35.722106","139.713342","文化庁・国指定等文化財DB","https://kunishitei.bunka.go.jp/bsys/index","102-00004878","文化庁DBの緯度・経度欄","official-background","official-pool; category+region quota; deterministic SHA-256 rank"
"145","津島神社本殿","神社建築","重要文化財","愛知県","東海","35.177788","136.718493","文化庁・国指定等文化財DB","https://kunishitei.bunka.go.jp/bsys/index","102-1232","文化庁DBの緯度・経度欄","official-background","official-pool; category+region quota; deterministic SHA-256 rank"
"146","本興寺三光堂","神社建築","重要文化財","兵庫県","近畿","34.717135","135.413932","文化庁・国指定等文化財DB","https://kunishitei.bunka.go.jp/bsys/index","102-2350","文化庁DBの緯度・経度欄","official-background","official-pool; category+region quota; deterministic SHA-256 rank"
"147","伊佐爾波神社","神社建築","重要文化財","愛媛県","四国","33.850759","132.789016","文化庁・国指定等文化財DB","https://kunishitei.bunka.go.jp/bsys/index","102-3344","文化庁DBの緯度・経度欄","official-background","official-pool; category+region quota; deterministic SHA-256 rank"
"148","木幡神社楼門","神社建築","重要文化財","栃木県","関東","36.790195","139.933127","文化庁・国指定等文化財DB","https://kunishitei.bunka.go.jp/bsys/index","102-380","文化庁DBの緯度・経度欄","official-background","official-pool; category+region quota; deterministic SHA-256 rank"
"149","有馬家霊屋","神社建築","重要文化財","福岡県","九州","33.322422","130.498731","文化庁・国指定等文化財DB","https://kunishitei.bunka.go.jp/bsys/index","102-00005174","文化庁DBの緯度・経度欄","official-background","official-pool; category+region quota; deterministic SHA-256 rank"
"150","雄山神社前立社壇本殿","神社建築","重要文化財","富山県","北陸甲信","36.607845","137.315265","文化庁・国指定等文化財DB","https://kunishitei.bunka.go.jp/bsys/index","102-739","文化庁DBの緯度・経度欄","official-background","official-pool; category+region quota; deterministic SHA-256 rank"
"151","樗谿神社","神社建築","重要文化財","鳥取県","中国","35.501172","134.246091","文化庁・国指定等文化財DB","https://kunishitei.bunka.go.jp/bsys/index","102-2929","文化庁DBの緯度・経度欄","official-background","official-pool; category+region quota; deterministic SHA-256 rank"
"152","旧崇元寺第一門及び石牆","寺院建築","重要文化財","沖縄県","沖縄","26.220350","127.690587","文化庁・国指定等文化財DB","https://kunishitei.bunka.go.jp/bsys/index","102-3646","文化庁DBの緯度・経度欄","official-background","official-pool; category+region quota; deterministic SHA-256 rank"
"153","正行寺本堂","寺院建築","重要文化財","北海道","北海道","43.035962","144.846694","文化庁・国指定等文化財DB","https://kunishitei.bunka.go.jp/bsys/index","102-40","文化庁DBの緯度・経度欄","official-background","official-pool; category+region quota; deterministic SHA-256 rank"
"154","上國寺本堂","寺院建築","重要文化財","北海道","北海道","41.803372","140.103318","文化庁・国指定等文化財DB","https://kunishitei.bunka.go.jp/bsys/index","102-37","文化庁DBの緯度・経度欄","official-background","official-pool; category+region quota; deterministic SHA-256 rank"
"155","若松寺観音堂","寺院建築","重要文化財","山形県","東北","38.363173","140.419361","文化庁・国指定等文化財DB","https://kunishitei.bunka.go.jp/bsys/index","102-194","文化庁DBの緯度・経度欄","official-background","official-pool; category+region quota; deterministic SHA-256 rank"
"156","三明寺三重塔","寺院建築","重要文化財","愛知県","東海","34.820215","137.399566","文化庁・国指定等文化財DB","https://kunishitei.bunka.go.jp/bsys/index","102-1227","文化庁DBの緯度・経度欄","official-background","official-pool; category+region quota; deterministic SHA-256 rank"
"157","正明寺本堂","寺院建築","重要文化財","滋賀県","近畿","35.025768","136.245020","文化庁・国指定等文化財DB","https://kunishitei.bunka.go.jp/bsys/index","102-1487","文化庁DBの緯度・経度欄","official-background","official-pool; category+region quota; deterministic SHA-256 rank"
"158","飯高寺","寺院建築","重要文化財","千葉県","関東","35.744416","140.529294","文化庁・国指定等文化財DB","https://kunishitei.bunka.go.jp/bsys/index","102-478","文化庁DBの緯度・経度欄","official-background","official-pool; category+region quota; deterministic SHA-256 rank"
"159","普門院本堂","寺院建築","重要文化財","福岡県","九州","33.373245","130.771407","文化庁・国指定等文化財DB","https://kunishitei.bunka.go.jp/bsys/index","102-3489","文化庁DBの緯度・経度欄","official-background","official-pool; category+region quota; deterministic SHA-256 rank"
"160","高台寺表門","寺院建築","重要文化財","京都府","近畿","35.000525","135.780649","文化庁・国指定等文化財DB","https://kunishitei.bunka.go.jp/bsys/index","102-1786","文化庁DBの緯度・経度欄","official-background","official-pool; category+region quota; deterministic SHA-256 rank"
"161","永平寺","寺院建築","重要文化財","福井県","北陸甲信","36.096178","136.328725","文化庁・国指定等文化財DB","https://kunishitei.bunka.go.jp/bsys/index","102-00005070","文化庁DBの緯度・経度欄","official-background","official-pool; category+region quota; deterministic SHA-256 rank"
"162","真光寺本堂","寺院建築","重要文化財","岡山県","中国","34.744815","134.180313","文化庁・国指定等文化財DB","https://kunishitei.bunka.go.jp/bsys/index","102-3059","文化庁DBの緯度・経度欄","official-background","official-pool; category+region quota; deterministic SHA-256 rank"
"163","竹林寺本堂","寺院建築","重要文化財","高知県","四国","33.546512","133.576603","文化庁・国指定等文化財DB","https://kunishitei.bunka.go.jp/bsys/index","102-3418","文化庁DBの緯度・経度欄","official-background","official-pool; category+region quota; deterministic SHA-256 rank"
"164","薬師堂","寺院建築","重要文化財","群馬県","関東","36.614124","138.798982","文化庁・国指定等文化財DB","https://kunishitei.bunka.go.jp/bsys/index","102-422","文化庁DBの緯度・経度欄","official-background","official-pool; category+region quota; deterministic SHA-256 rank"
"165","妙源寺柳堂","寺院建築","重要文化財","愛知県","東海","34.948241","137.124220","文化庁・国指定等文化財DB","https://kunishitei.bunka.go.jp/bsys/index","102-1197","文化庁DBの緯度・経度欄","official-background","official-pool; category+region quota; deterministic SHA-256 rank"
"166","成法寺観音堂","寺院建築","重要文化財","福島県","東北","37.294958","139.475658","文化庁・国指定等文化財DB","https://kunishitei.bunka.go.jp/bsys/index","102-212","文化庁DBの緯度・経度欄","official-background","official-pool; category+region quota; deterministic SHA-256 rank"
"167","富貴寺大堂","寺院建築","国宝","大分県","九州","33.537880","131.528549","文化庁・国指定等文化財DB","https://kunishitei.bunka.go.jp/bsys/index","102-3597","文化庁DBの緯度・経度欄","official-background","official-pool; category+region quota; deterministic SHA-256 rank"
"168","延暦寺転法輪堂","寺院建築","重要文化財","滋賀県","近畿","35.074306","135.833962","文化庁・国指定等文化財DB","https://kunishitei.bunka.go.jp/bsys/index","102-1322","文化庁DBの緯度・経度欄","official-background","official-pool; category+region quota; deterministic SHA-256 rank"
"169","鑁阿寺本堂","寺院建築","国宝","栃木県","関東","36.337549","139.452270","文化庁・国指定等文化財DB","https://kunishitei.bunka.go.jp/bsys/index","102-266","文化庁DBの緯度・経度欄","official-background","official-pool; category+region quota; deterministic SHA-256 rank"
"170","観菩提寺楼門","寺院建築","重要文化財","三重県","東海","34.780535","136.052173","文化庁・国指定等文化財DB","https://kunishitei.bunka.go.jp/bsys/index","102-1313","文化庁DBの緯度・経度欄","official-background","official-pool; category+region quota; deterministic SHA-256 rank"
"171","慈眼寺","寺院建築","重要文化財","山梨県","北陸甲信","35.643139","138.692173","文化庁・国指定等文化財DB","https://kunishitei.bunka.go.jp/bsys/index","102-884","文化庁DBの緯度・経度欄","official-background","official-pool; category+region quota; deterministic SHA-256 rank"
"172","三仏寺地蔵堂","寺院建築","重要文化財","鳥取県","中国","35.397483","133.958545","文化庁・国指定等文化財DB","https://kunishitei.bunka.go.jp/bsys/index","102-2942","文化庁DBの緯度・経度欄","official-background","official-pool; category+region quota; deterministic SHA-256 rank"
"173","奥之院弁天堂","寺院建築","重要文化財","福島県","東北","37.531974","139.727019","文化庁・国指定等文化財DB","https://kunishitei.bunka.go.jp/bsys/index","102-222","文化庁DBの緯度・経度欄","official-background","official-pool; category+region quota; deterministic SHA-256 rank"
"174","宝幢寺本堂","寺院建築","重要文化財","奈良県","近畿","34.662519","135.701212","文化庁・国指定等文化財DB","https://kunishitei.bunka.go.jp/bsys/index","102-2666","文化庁DBの緯度・経度欄","official-background","official-pool; category+region quota; deterministic SHA-256 rank"
"175","太山寺本堂","寺院建築","国宝","愛媛県","四国","33.885007","132.714985","文化庁・国指定等文化財DB","https://kunishitei.bunka.go.jp/bsys/index","102-3308","文化庁DBの緯度・経度欄","official-background","official-pool; category+region quota; deterministic SHA-256 rank"
"176","本門寺五重塔","寺院建築","重要文化財","東京都","関東","35.578130","139.706328","文化庁・国指定等文化財DB","https://kunishitei.bunka.go.jp/bsys/index","102-557","文化庁DBの緯度・経度欄","official-background","official-pool; category+region quota; deterministic SHA-256 rank"
"177","崇福寺大雄宝殿","寺院建築","国宝","長崎県","九州","32.742586","129.883498","文化庁・国指定等文化財DB","https://kunishitei.bunka.go.jp/bsys/index","102-3516","文化庁DBの緯度・経度欄","official-background","official-pool; category+region quota; deterministic SHA-256 rank"
"178","長光寺地蔵堂","寺院建築","重要文化財","愛知県","東海","35.233178","136.831333","文化庁・国指定等文化財DB","https://kunishitei.bunka.go.jp/bsys/index","102-1261","文化庁DBの緯度・経度欄","official-background","official-pool; category+region quota; deterministic SHA-256 rank"
"179","金剛寺多宝塔","寺院建築","重要文化財","大阪府","近畿","34.428285","135.529390","文化庁・国指定等文化財DB","https://kunishitei.bunka.go.jp/bsys/index","102-2190","文化庁DBの緯度・経度欄","official-background","official-pool; category+region quota; deterministic SHA-256 rank"
"180","新長谷寺釈迦堂","寺院建築","重要文化財","岐阜県","北陸甲信","35.484791","136.923094","文化庁・国指定等文化財DB","https://kunishitei.bunka.go.jp/bsys/index","102-1047","文化庁DBの緯度・経度欄","official-background","official-pool; category+region quota; deterministic SHA-256 rank"
"181","西明寺三重塔","寺院建築","重要文化財","栃木県","関東","36.452501","140.117162","文化庁・国指定等文化財DB","https://kunishitei.bunka.go.jp/bsys/index","102-389","文化庁DBの緯度・経度欄","official-background","official-pool; category+region quota; deterministic SHA-256 rank"
"182","西国寺三重塔","寺院建築","重要文化財","広島県","中国","34.416433","133.203043","文化庁・国指定等文化財DB","https://kunishitei.bunka.go.jp/bsys/index","102-3138","文化庁DBの緯度・経度欄","official-background","official-pool; category+region quota; deterministic SHA-256 rank"
"183","勝福寺観音堂","寺院建築","重要文化財","福島県","東北","37.648237","139.896860","文化庁・国指定等文化財DB","https://kunishitei.bunka.go.jp/bsys/index","102-208","文化庁DBの緯度・経度欄","official-background","official-pool; category+region quota; deterministic SHA-256 rank"
"184","神角寺本堂","寺院建築","重要文化財","大分県","九州","33.054914","131.456651","文化庁・国指定等文化財DB","https://kunishitei.bunka.go.jp/bsys/index","102-3616","文化庁DBの緯度・経度欄","official-background","official-pool; category+region quota; deterministic SHA-256 rank"
"185","知立神社多宝塔","寺院建築","重要文化財","愛知県","東海","35.012703","137.041394","文化庁・国指定等文化財DB","https://kunishitei.bunka.go.jp/bsys/index","102-1267","文化庁DBの緯度・経度欄","official-background","official-pool; category+region quota; deterministic SHA-256 rank"
"186","長命寺護摩堂","寺院建築","重要文化財","滋賀県","近畿","35.162649","136.064237","文化庁・国指定等文化財DB","https://kunishitei.bunka.go.jp/bsys/index","102-1407","文化庁DBの緯度・経度欄","official-background","official-pool; category+region quota; deterministic SHA-256 rank"
"187","白峯寺","寺院建築","重要文化財","香川県","四国","34.343392","133.910573","文化庁・国指定等文化財DB","https://kunishitei.bunka.go.jp/bsys/index","102-00005014","文化庁DBの緯度・経度欄","official-background","official-pool; category+region quota; deterministic SHA-256 rank"
"188","曹源寺栄螺堂","寺院建築","重要文化財","群馬県","関東","36.322260","139.385652","文化庁・国指定等文化財DB","https://kunishitei.bunka.go.jp/bsys/index","102-00005150","文化庁DBの緯度・経度欄","official-background","official-pool; category+region quota; deterministic SHA-256 rank"
"189","護徳寺観音堂","寺院建築","重要文化財","新潟県","北陸甲信","37.717776","139.525751","文化庁・国指定等文化財DB","https://kunishitei.bunka.go.jp/bsys/index","102-659","文化庁DBの緯度・経度欄","official-background","official-pool; category+region quota; deterministic SHA-256 rank"
"190","不動院楼門","寺院建築","重要文化財","広島県","中国","34.426993","132.470764","文化庁・国指定等文化財DB","https://kunishitei.bunka.go.jp/bsys/index","102-3106","文化庁DBの緯度・経度欄","official-background","official-pool; category+region quota; deterministic SHA-256 rank"
"191","観音寺観音堂","寺院建築","重要文化財","山形県","東北","38.217678","140.070027","文化庁・国指定等文化財DB","https://kunishitei.bunka.go.jp/bsys/index","102-197","文化庁DBの緯度・経度欄","official-background","official-pool; category+region quota; deterministic SHA-256 rank"
"192","明導寺阿弥陀堂","寺院建築","重要文化財","熊本県","九州","32.252636","130.974092","文化庁・国指定等文化財DB","https://kunishitei.bunka.go.jp/bsys/index","102-3582","文化庁DBの緯度・経度欄","official-background","official-pool; category+region quota; deterministic SHA-256 rank"
"193","財賀寺","寺院建築","重要文化財","愛知県","東海","34.870829","137.357317","文化庁・国指定等文化財DB","https://kunishitei.bunka.go.jp/bsys/index","102-1230","文化庁DBの緯度・経度欄","official-background","official-pool; category+region quota; deterministic SHA-256 rank"
"194","寶塔寺本堂","寺院建築","重要文化財","京都府","近畿","34.962868","135.775865","文化庁・国指定等文化財DB","https://kunishitei.bunka.go.jp/bsys/index","102-1920","文化庁DBの緯度・経度欄","official-background","official-pool; category+region quota; deterministic SHA-256 rank"
"195","竜禅寺三仏堂","寺院建築","重要文化財","茨城県","関東","35.922538","140.023478","文化庁・国指定等文化財DB","https://kunishitei.bunka.go.jp/bsys/index","102-247","文化庁DBの緯度・経度欄","official-background","official-pool; category+region quota; deterministic SHA-256 rank"
"196","和歌山城岡口門","城郭建築","重要文化財","和歌山県","近畿","34.226698","135.174285","文化庁・国指定等文化財DB","https://kunishitei.bunka.go.jp/bsys/index","102-2823","文化庁DBの緯度・経度欄","official-background","official-pool; category+region quota; deterministic SHA-256 rank"
"197","慈眼院金堂","寺院建築","重要文化財","大阪府","近畿","34.374136","135.343732","文化庁・国指定等文化財DB","https://kunishitei.bunka.go.jp/bsys/index","102-2172","文化庁DBの緯度・経度欄","official-background","official-pool; category+region quota; deterministic SHA-256 rank"
"198","大阪城","城郭建築","重要文化財","大阪府","近畿","34.685085","135.523050","文化庁・国指定等文化財DB","https://kunishitei.bunka.go.jp/bsys/index","102-2114","文化庁DBの緯度・経度欄","official-background","official-pool; category+region quota; deterministic SHA-256 rank"
"199","教王護国寺北大門","寺院建築","重要文化財","京都府","近畿","34.982044","135.747681","文化庁・国指定等文化財DB","https://kunishitei.bunka.go.jp/bsys/index","102-1837","文化庁DBの緯度・経度欄","official-background","official-pool; category+region quota; deterministic SHA-256 rank"
"200","法界寺本堂（薬師堂）","寺院建築","重要文化財","京都府","近畿","34.933925","135.815024","文化庁・国指定等文化財DB","https://kunishitei.bunka.go.jp/bsys/index","102-1917","文化庁DBの緯度・経度欄","official-background","official-pool; category+region quota; deterministic SHA-256 rank"
