"no","id","name","category","designation","prefecture","region","latitude","longitude","source_type","source_url","source_record_id","coordinate_source","selection_role","selection_rule"
"1","kinki-shrine-temple-sites-v5-nested-001","伊勢神宮 内宮","近畿五芒星・固定アンカー","記事の検証対象","三重県","東海","34.455000","136.725200","記事の固定アンカー","provided:近畿五芒星の5地点","anchor-001","記事で先に固定した座標","target-anchor","fixed before background sampling"
"2","kinki-shrine-temple-sites-v5-nested-002","熊野本宮大社","近畿五芒星・固定アンカー","記事の検証対象","和歌山県","近畿","33.840600","135.773400","記事の固定アンカー","provided:近畿五芒星の5地点","anchor-002","記事で先に固定した座標","target-anchor","fixed before background sampling"
"3","kinki-shrine-temple-sites-v5-nested-003","伊弉諾神宮","近畿五芒星・固定アンカー","記事の検証対象","兵庫県","近畿","34.460100","134.852500","記事の固定アンカー","provided:近畿五芒星の5地点","anchor-003","記事で先に固定した座標","target-anchor","fixed before background sampling"
"4","kinki-shrine-temple-sites-v5-nested-004","元伊勢皇大神社","近畿五芒星・固定アンカー","記事の検証対象","京都府","近畿","35.430400","135.154300","記事の固定アンカー","provided:近畿五芒星の5地点","anchor-004","記事で先に固定した座標","target-anchor","fixed before background sampling"
"5","kinki-shrine-temple-sites-v5-nested-005","伊吹山","近畿五芒星・固定アンカー","記事の検証対象","滋賀県","近畿","35.417800","136.406400","記事の固定アンカー","provided:近畿五芒星の5地点","anchor-005","記事で先に固定した座標","target-anchor","fixed before background sampling"
"6","kinki-shrine-temple-sites-v5-nested-006","浅間神社摂社山宮神社本殿","神社建築","重要文化財","山梨県","北陸甲信","35.634038","138.714059","文化庁・国指定文化財等DB","https://kunishitei.bunka.go.jp/bsys/index","102-883","文化庁DBの緯度・経度欄","official-background","shrine/temple official pool; region+category quotas; 2km spacing; deterministic SHA-256 rank"
"7","kinki-shrine-temple-sites-v5-nested-007","東照宮","神社建築","重要文化財","群馬県","関東","36.261950","139.275417","文化庁・国指定文化財等DB","https://kunishitei.bunka.go.jp/bsys/index","102-428","文化庁DBの緯度・経度欄","official-background","shrine/temple official pool; region+category quotas; 2km spacing; deterministic SHA-256 rank"
"8","kinki-shrine-temple-sites-v5-nested-008","東照宮","神社建築","重要文化財","宮城県","東北","38.279766","140.885025","文化庁・国指定文化財等DB","https://kunishitei.bunka.go.jp/bsys/index","102-121","文化庁DBの緯度・経度欄","official-background","shrine/temple official pool; region+category quotas; 2km spacing; deterministic SHA-256 rank"
"9","kinki-shrine-temple-sites-v5-nested-009","筥崎宮拝殿","神社建築","重要文化財","福岡県","九州","33.614628","130.423333","文化庁・国指定文化財等DB","https://kunishitei.bunka.go.jp/bsys/index","102-3461","文化庁DBの緯度・経度欄","official-background","shrine/temple official pool; region+category quotas; 2km spacing; deterministic SHA-256 rank"
"10","kinki-shrine-temple-sites-v5-nested-010","土佐神社本殿、幣殿及び拝殿","神社建築","重要文化財","高知県","四国","33.592611","133.577010","文化庁・国指定文化財等DB","https://kunishitei.bunka.go.jp/bsys/index","102-3415","文化庁DBの緯度・経度欄","official-background","shrine/temple official pool; region+category quotas; 2km spacing; deterministic SHA-256 rank"
"11","kinki-shrine-temple-sites-v5-nested-011","旧閑谷学校聖廟","神社建築","重要文化財","岡山県","中国","34.796564","134.220049","文化庁・国指定文化財等DB","https://kunishitei.bunka.go.jp/bsys/index","102-3046","文化庁DBの緯度・経度欄","official-background","shrine/temple official pool; region+category quotas; 2km spacing; deterministic SHA-256 rank"
"12","kinki-shrine-temple-sites-v5-nested-012","権現堂","神社建築","重要文化財","沖縄県","沖縄","24.343541","124.155959","文化庁・国指定文化財等DB","https://kunishitei.bunka.go.jp/bsys/index","102-3658","文化庁DBの緯度・経度欄","official-background","shrine/temple official pool; region+category quotas; 2km spacing; deterministic SHA-256 rank"
"13","kinki-shrine-temple-sites-v5-nested-013","香取神宮","神社建築","重要文化財","千葉県","関東","35.885730","140.528862","文化庁・国指定文化財等DB","https://kunishitei.bunka.go.jp/bsys/index","102-470","文化庁DBの緯度・経度欄","official-background","shrine/temple official pool; region+category quotas; 2km spacing; deterministic SHA-256 rank"
"14","kinki-shrine-temple-sites-v5-nested-014","八幡宮本殿","神社建築","重要文化財","愛知県","東海","34.838328","137.339823","文化庁・国指定文化財等DB","https://kunishitei.bunka.go.jp/bsys/index","102-1229","文化庁DBの緯度・経度欄","official-background","shrine/temple official pool; region+category quotas; 2km spacing; deterministic SHA-256 rank"
"15","kinki-shrine-temple-sites-v5-nested-015","薦神社神門","神社建築","重要文化財","大分県","九州","33.567120","131.218282","文化庁・国指定文化財等DB","https://kunishitei.bunka.go.jp/bsys/index","102-3590","文化庁DBの緯度・経度欄","official-background","shrine/temple official pool; region+category quotas; 2km spacing; deterministic SHA-256 rank"
"16","kinki-shrine-temple-sites-v5-nested-016","白山神社本殿","神社建築","重要文化財","石川県","北陸甲信","37.409412","137.213883","文化庁・国指定文化財等DB","https://kunishitei.bunka.go.jp/bsys/index","102-788","文化庁DBの緯度・経度欄","official-background","shrine/temple official pool; region+category quotas; 2km spacing; deterministic SHA-256 rank"
"17","kinki-shrine-temple-sites-v5-nested-017","鹽竈神社","神社建築","重要文化財","宮城県","東北","38.318419","141.012460","文化庁・国指定文化財等DB","https://kunishitei.bunka.go.jp/bsys/index","102-3750","文化庁DBの緯度・経度欄","official-background","shrine/temple official pool; region+category quotas; 2km spacing; deterministic SHA-256 rank"
"18","kinki-shrine-temple-sites-v5-nested-018","厳島神社摂社大国神社本殿","神社建築","重要文化財","広島県","中国","34.295676","132.319814","文化庁・国指定文化財等DB","https://kunishitei.bunka.go.jp/bsys/index","102-3176","文化庁DBの緯度・経度欄","official-background","shrine/temple official pool; region+category quotas; 2km spacing; deterministic SHA-256 rank"
"19","kinki-shrine-temple-sites-v5-nested-019","日枝神社本殿","神社建築","重要文化財","埼玉県","関東","35.916974","139.489837","文化庁・国指定文化財等DB","https://kunishitei.bunka.go.jp/bsys/index","102-443","文化庁DBの緯度・経度欄","official-background","shrine/temple official pool; region+category quotas; 2km spacing; deterministic SHA-256 rank"
"20","kinki-shrine-temple-sites-v5-nested-020","宇志比古神社本殿","神社建築","重要文化財","徳島県","四国","34.162103","134.536902","文化庁・国指定文化財等DB","https://kunishitei.bunka.go.jp/bsys/index","102-3695","文化庁DBの緯度・経度欄","official-background","shrine/temple official pool; region+category quotas; 2km spacing; deterministic SHA-256 rank"
"21","kinki-shrine-temple-sites-v5-nested-021","東照宮","神社建築","重要文化財","愛知県","東海","34.978832","137.586222","文化庁・国指定文化財等DB","https://kunishitei.bunka.go.jp/bsys/index","102-1286","文化庁DBの緯度・経度欄","official-background","shrine/temple official pool; region+category quotas; 2km spacing; deterministic SHA-256 rank"
"22","kinki-shrine-temple-sites-v5-nested-022","有馬家霊屋","神社建築","重要文化財","福岡県","九州","33.322422","130.498731","文化庁・国指定文化財等DB","https://kunishitei.bunka.go.jp/bsys/index","102-00005174","文化庁DBの緯度・経度欄","official-background","shrine/temple official pool; region+category quotas; 2km spacing; deterministic SHA-256 rank"
"23","kinki-shrine-temple-sites-v5-nested-023","雄山神社前立社壇本殿","神社建築","重要文化財","富山県","北陸甲信","36.607845","137.315265","文化庁・国指定文化財等DB","https://kunishitei.bunka.go.jp/bsys/index","102-739","文化庁DBの緯度・経度欄","official-background","shrine/temple official pool; region+category quotas; 2km spacing; deterministic SHA-256 rank"
"24","kinki-shrine-temple-sites-v5-nested-024","佐太神社","神社建築","重要文化財","島根県","中国","35.508779","133.006452","文化庁・国指定文化財等DB","https://kunishitei.bunka.go.jp/bsys/index","102-2967","文化庁DBの緯度・経度欄","official-background","shrine/temple official pool; region+category quotas; 2km spacing; deterministic SHA-256 rank"
"25","kinki-shrine-temple-sites-v5-nested-025","相馬中村神社本殿・幣殿・拝殿","神社建築","重要文化財","福島県","東北","37.797369","140.912979","文化庁・国指定文化財等DB","https://kunishitei.bunka.go.jp/bsys/index","102-209","文化庁DBの緯度・経度欄","official-background","shrine/temple official pool; region+category quotas; 2km spacing; deterministic SHA-256 rank"
"26","kinki-shrine-temple-sites-v5-nested-026","雑司ケ谷鬼子母神堂","神社建築","重要文化財","東京都","関東","35.722106","139.713342","文化庁・国指定文化財等DB","https://kunishitei.bunka.go.jp/bsys/index","102-00004878","文化庁DBの緯度・経度欄","official-background","shrine/temple official pool; region+category quotas; 2km spacing; deterministic SHA-256 rank"
"27","kinki-shrine-temple-sites-v5-nested-027","庫蔵寺鎮守堂","神社建築","重要文化財","三重県","東海","34.448388","136.819218","文化庁・国指定文化財等DB","https://kunishitei.bunka.go.jp/bsys/index","102-1307","文化庁DBの緯度・経度欄","official-background","shrine/temple official pool; region+category quotas; 2km spacing; deterministic SHA-256 rank"
"28","kinki-shrine-temple-sites-v5-nested-028","宇佐神宮本殿","神社建築","国宝","大分県","九州","33.523479","131.377160","文化庁・国指定文化財等DB","https://kunishitei.bunka.go.jp/bsys/index","102-3600","文化庁DBの緯度・経度欄","official-background","shrine/temple official pool; region+category quotas; 2km spacing; deterministic SHA-256 rank"
"29","kinki-shrine-temple-sites-v5-nested-029","一乗寺妙見堂","神社建築","重要文化財","兵庫県","近畿","34.859548","134.818601","文化庁・国指定文化財等DB","https://kunishitei.bunka.go.jp/bsys/index","102-2389","文化庁DBの緯度・経度欄","official-background","shrine/temple official pool; region+category quotas; 2km spacing; deterministic SHA-256 rank"
"30","kinki-shrine-temple-sites-v5-nested-030","神谷神社本殿","神社建築","国宝","香川県","四国","34.324839","133.916761","文化庁・国指定文化財等DB","https://kunishitei.bunka.go.jp/bsys/index","102-3287","文化庁DBの緯度・経度欄","official-background","shrine/temple official pool; region+category quotas; 2km spacing; deterministic SHA-256 rank"
"31","kinki-shrine-temple-sites-v5-nested-031","木幡神社楼門","神社建築","重要文化財","栃木県","関東","36.790195","139.933127","文化庁・国指定文化財等DB","https://kunishitei.bunka.go.jp/bsys/index","102-380","文化庁DBの緯度・経度欄","official-background","shrine/temple official pool; region+category quotas; 2km spacing; deterministic SHA-256 rank"
"32","kinki-shrine-temple-sites-v5-nested-032","白山神社本殿","神社建築","重要文化財","長野県","北陸甲信","36.970728","138.446833","文化庁・国指定文化財等DB","https://kunishitei.bunka.go.jp/bsys/index","102-960","文化庁DBの緯度・経度欄","official-background","shrine/temple official pool; region+category quotas; 2km spacing; deterministic SHA-256 rank"
"33","kinki-shrine-temple-sites-v5-nested-033","神魂神社本殿","神社建築","国宝","島根県","中国","35.425503","133.084250","文化庁・国指定文化財等DB","https://kunishitei.bunka.go.jp/bsys/index","102-2951","文化庁DBの緯度・経度欄","official-background","shrine/temple official pool; region+category quotas; 2km spacing; deterministic SHA-256 rank"
"34","kinki-shrine-temple-sites-v5-nested-034","大崎八幡宮長床","神社建築","重要文化財","宮城県","東北","38.272261","140.845010","文化庁・国指定文化財等DB","https://kunishitei.bunka.go.jp/bsys/index","102-117","文化庁DBの緯度・経度欄","official-background","shrine/temple official pool; region+category quotas; 2km spacing; deterministic SHA-256 rank"
"35","kinki-shrine-temple-sites-v5-nested-035","久能山東照宮","神社建築","国宝","静岡県","東海","34.964821","138.467591","文化庁・国指定文化財等DB","https://kunishitei.bunka.go.jp/bsys/index","102-1111","文化庁DBの緯度・経度欄","official-background","shrine/temple official pool; region+category quotas; 2km spacing; deterministic SHA-256 rank"
"36","kinki-shrine-temple-sites-v5-nested-036","天神社本殿","神社建築","重要文化財","奈良県","近畿","34.680369","135.991025","文化庁・国指定文化財等DB","https://kunishitei.bunka.go.jp/bsys/index","102-2678","文化庁DBの緯度・経度欄","official-background","shrine/temple official pool; region+category quotas; 2km spacing; deterministic SHA-256 rank"
"37","kinki-shrine-temple-sites-v5-nested-037","二荒山神社","神社建築","重要文化財","栃木県","関東","36.758770","139.595992","文化庁・国指定文化財等DB","https://kunishitei.bunka.go.jp/bsys/index","102-375","文化庁DBの緯度・経度欄","official-background","shrine/temple official pool; region+category quotas; 2km spacing; deterministic SHA-256 rank"
"38","kinki-shrine-temple-sites-v5-nested-038","大野老松天満社旧本殿","神社建築","重要文化財","大分県","九州","33.206274","130.914192","文化庁・国指定文化財等DB","https://kunishitei.bunka.go.jp/bsys/index","102-3617","文化庁DBの緯度・経度欄","official-background","shrine/temple official pool; region+category quotas; 2km spacing; deterministic SHA-256 rank"
"39","kinki-shrine-temple-sites-v5-nested-039","八幡神社拝殿","神社建築","重要文化財","兵庫県","近畿","34.864310","134.961565","文化庁・国指定文化財等DB","https://kunishitei.bunka.go.jp/bsys/index","102-2381","文化庁DBの緯度・経度欄","official-background","shrine/temple official pool; region+category quotas; 2km spacing; deterministic SHA-256 rank"
"40","kinki-shrine-temple-sites-v5-nested-040","中牧神社本殿","神社建築","重要文化財","山梨県","北陸甲信","35.756864","138.707057","文化庁・国指定文化財等DB","https://kunishitei.bunka.go.jp/bsys/index","102-881","文化庁DBの緯度・経度欄","official-background","shrine/temple official pool; region+category quotas; 2km spacing; deterministic SHA-256 rank"
"41","kinki-shrine-temple-sites-v5-nested-041","浜名惣社神明宮本殿","神社建築","重要文化財","静岡県","東海","34.811771","137.552853","文化庁・国指定文化財等DB","https://kunishitei.bunka.go.jp/bsys/index","102-1181","文化庁DBの緯度・経度欄","official-background","shrine/temple official pool; region+category quotas; 2km spacing; deterministic SHA-256 rank"
"42","kinki-shrine-temple-sites-v5-nested-042","八幡神社鳥居","神社建築","重要文化財","岡山県","中国","34.720068","133.807545","文化庁・国指定文化財等DB","https://kunishitei.bunka.go.jp/bsys/index","102-3000","文化庁DBの緯度・経度欄","official-background","shrine/temple official pool; region+category quotas; 2km spacing; deterministic SHA-256 rank"
"43","kinki-shrine-temple-sites-v5-nested-043","八幡神社","神社建築","重要文化財","秋田県","東北","40.274065","140.571916","文化庁・国指定文化財等DB","https://kunishitei.bunka.go.jp/bsys/index","102-157","文化庁DBの緯度・経度欄","official-background","shrine/temple official pool; region+category quotas; 2km spacing; deterministic SHA-256 rank"
"44","kinki-shrine-temple-sites-v5-nested-044","大山祇神社本殿(宝殿)","神社建築","重要文化財","愛媛県","四国","34.247834","133.005989","文化庁・国指定文化財等DB","https://kunishitei.bunka.go.jp/bsys/index","102-3388","文化庁DBの緯度・経度欄","official-background","shrine/temple official pool; region+category quotas; 2km spacing; deterministic SHA-256 rank"
"45","kinki-shrine-temple-sites-v5-nested-045","雷電神社末社八幡宮稲荷神社社殿","神社建築","重要文化財","群馬県","関東","36.227842","139.607672","文化庁・国指定文化財等DB","https://kunishitei.bunka.go.jp/bsys/index","102-430","文化庁DBの緯度・経度欄","official-background","shrine/temple official pool; region+category quotas; 2km spacing; deterministic SHA-256 rank"
"46","kinki-shrine-temple-sites-v5-nested-046","柞原八幡宮","神社建築","重要文化財","大分県","九州","33.237191","131.551137","文化庁・国指定文化財等DB","https://kunishitei.bunka.go.jp/bsys/index","102-00004540","文化庁DBの緯度・経度欄","official-background","shrine/temple official pool; region+category quotas; 2km spacing; deterministic SHA-256 rank"
"47","kinki-shrine-temple-sites-v5-nested-047","聖神社","神社建築","重要文化財","大阪府","近畿","34.500933","135.447268","文化庁・国指定文化財等DB","https://kunishitei.bunka.go.jp/bsys/index","102-2203","文化庁DBの緯度・経度欄","official-background","shrine/temple official pool; region+category quotas; 2km spacing; deterministic SHA-256 rank"
"48","kinki-shrine-temple-sites-v5-nested-048","八幡宮本殿","神社建築","重要文化財","茨城県","関東","36.387882","140.459778","文化庁・国指定文化財等DB","https://kunishitei.bunka.go.jp/bsys/index","102-232","文化庁DBの緯度・経度欄","official-background","shrine/temple official pool; region+category quotas; 2km spacing; deterministic SHA-256 rank"
"49","kinki-shrine-temple-sites-v5-nested-049","六所神社","神社建築","重要文化財","愛知県","東海","34.949437","137.168476","文化庁・国指定文化財等DB","https://kunishitei.bunka.go.jp/bsys/index","102-1208","文化庁DBの緯度・経度欄","official-background","shrine/temple official pool; region+category quotas; 2km spacing; deterministic SHA-256 rank"
"50","kinki-shrine-temple-sites-v5-nested-050","葛山落合神社本殿","神社建築","重要文化財","長野県","北陸甲信","36.671368","138.129790","文化庁・国指定文化財等DB","https://kunishitei.bunka.go.jp/bsys/index","102-910","文化庁DBの緯度・経度欄","official-background","shrine/temple official pool; region+category quotas; 2km spacing; deterministic SHA-256 rank"
"51","kinki-shrine-temple-sites-v5-nested-051","古熊神社本殿","神社建築","重要文化財","山口県","中国","34.178693","131.488731","文化庁・国指定文化財等DB","https://kunishitei.bunka.go.jp/bsys/index","102-3208","文化庁DBの緯度・経度欄","official-background","shrine/temple official pool; region+category quotas; 2km spacing; deterministic SHA-256 rank"
"52","kinki-shrine-temple-sites-v5-nested-052","八幡神社","神社建築","重要文化財","山形県","東北","38.741639","140.316454","文化庁・国指定文化財等DB","https://kunishitei.bunka.go.jp/bsys/index","102-191","文化庁DBの緯度・経度欄","official-background","shrine/temple official pool; region+category quotas; 2km spacing; deterministic SHA-256 rank"
"53","kinki-shrine-temple-sites-v5-nested-053","宗像神社辺津宮本殿","神社建築","重要文化財","福岡県","九州","33.818449","130.511622","文化庁・国指定文化財等DB","https://kunishitei.bunka.go.jp/bsys/index","102-3487","文化庁DBの緯度・経度欄","official-background","shrine/temple official pool; region+category quotas; 2km spacing; deterministic SHA-256 rank"
"54","kinki-shrine-temple-sites-v5-nested-054","御霊神社本殿","神社建築","重要文化財","兵庫県","近畿","34.899701","135.203034","文化庁・国指定文化財等DB","https://kunishitei.bunka.go.jp/bsys/index","102-2385","文化庁DBの緯度・経度欄","official-background","shrine/temple official pool; region+category quotas; 2km spacing; deterministic SHA-256 rank"
"55","kinki-shrine-temple-sites-v5-nested-055","鶴岡八幡宮末社丸山稲荷社本殿","神社建築","重要文化財","神奈川県","関東","35.326158","139.555664","文化庁・国指定文化財等DB","https://kunishitei.bunka.go.jp/bsys/index","102-605","文化庁DBの緯度・経度欄","official-background","shrine/temple official pool; region+category quotas; 2km spacing; deterministic SHA-256 rank"
"56","kinki-shrine-temple-sites-v5-nested-056","不破八幡宮本殿","神社建築","重要文化財","高知県","四国","32.980785","132.937367","文化庁・国指定文化財等DB","https://kunishitei.bunka.go.jp/bsys/index","102-3443","文化庁DBの緯度・経度欄","official-background","shrine/temple official pool; region+category quotas; 2km spacing; deterministic SHA-256 rank"
"57","kinki-shrine-temple-sites-v5-nested-057","大縣神社","神社建築","重要文化財","愛知県","東海","35.330295","136.967410","文化庁・国指定文化財等DB","https://kunishitei.bunka.go.jp/bsys/index","102-1252","文化庁DBの緯度・経度欄","official-background","shrine/temple official pool; region+category quotas; 2km spacing; deterministic SHA-256 rank"
"58","kinki-shrine-temple-sites-v5-nested-058","押立神社本殿","神社建築","重要文化財","滋賀県","近畿","35.144628","136.238208","文化庁・国指定文化財等DB","https://kunishitei.bunka.go.jp/bsys/index","102-1502","文化庁DBの緯度・経度欄","official-background","shrine/temple official pool; region+category quotas; 2km spacing; deterministic SHA-256 rank"
"59","kinki-shrine-temple-sites-v5-nested-059","白山宮本殿","神社建築","重要文化財","富山県","北陸甲信","36.411305","136.930814","文化庁・国指定文化財等DB","https://kunishitei.bunka.go.jp/bsys/index","102-743","文化庁DBの緯度・経度欄","official-background","shrine/temple official pool; region+category quotas; 2km spacing; deterministic SHA-256 rank"
"60","kinki-shrine-temple-sites-v5-nested-060","樗谿神社","神社建築","重要文化財","鳥取県","中国","35.500988","134.246043","文化庁・国指定文化財等DB","https://kunishitei.bunka.go.jp/bsys/index","102-2931","文化庁DBの緯度・経度欄","official-background","shrine/temple official pool; region+category quotas; 2km spacing; deterministic SHA-256 rank"
"61","kinki-shrine-temple-sites-v5-nested-061","神明社観音堂","神社建築","重要文化財","秋田県","東北","39.892808","140.080664","文化庁・国指定文化財等DB","https://kunishitei.bunka.go.jp/bsys/index","102-167","文化庁DBの緯度・経度欄","official-background","shrine/temple official pool; region+category quotas; 2km spacing; deterministic SHA-256 rank"
"62","kinki-shrine-temple-sites-v5-nested-062","貫前神社","神社建築","重要文化財","群馬県","関東","36.255052","138.857638","文化庁・国指定文化財等DB","https://kunishitei.bunka.go.jp/bsys/index","102-413","文化庁DBの緯度・経度欄","official-background","shrine/temple official pool; region+category quotas; 2km spacing; deterministic SHA-256 rank"
"63","kinki-shrine-temple-sites-v5-nested-063","風浪神社本殿","神社建築","重要文化財","福岡県","九州","33.211202","130.386812","文化庁・国指定文化財等DB","https://kunishitei.bunka.go.jp/bsys/index","102-3480","文化庁DBの緯度・経度欄","official-background","shrine/temple official pool; region+category quotas; 2km spacing; deterministic SHA-256 rank"
"64","kinki-shrine-temple-sites-v5-nested-064","津島神社本殿","神社建築","重要文化財","愛知県","東海","35.177788","136.718493","文化庁・国指定文化財等DB","https://kunishitei.bunka.go.jp/bsys/index","102-1232","文化庁DBの緯度・経度欄","official-background","shrine/temple official pool; region+category quotas; 2km spacing; deterministic SHA-256 rank"
"65","kinki-shrine-temple-sites-v5-nested-065","日吉大社東本宮本殿及び拝殿","神社建築","国宝","滋賀県","近畿","35.073436","135.865002","文化庁・国指定文化財等DB","https://kunishitei.bunka.go.jp/bsys/index","102-1346","文化庁DBの緯度・経度欄","official-background","shrine/temple official pool; region+category quotas; 2km spacing; deterministic SHA-256 rank"
"66","kinki-shrine-temple-sites-v5-nested-066","綱神社本殿","神社建築","重要文化財","栃木県","関東","36.451735","140.139924","文化庁・国指定文化財等DB","https://kunishitei.bunka.go.jp/bsys/index","102-393","文化庁DBの緯度・経度欄","official-background","shrine/temple official pool; region+category quotas; 2km spacing; deterministic SHA-256 rank"
"67","kinki-shrine-temple-sites-v5-nested-067","鳴無神社","神社建築","重要文化財","高知県","四国","33.414161","133.368989","文化庁・国指定文化財等DB","https://kunishitei.bunka.go.jp/bsys/index","102-3441","文化庁DBの緯度・経度欄","official-background","shrine/temple official pool; region+category quotas; 2km spacing; deterministic SHA-256 rank"
"68","kinki-shrine-temple-sites-v5-nested-068","高良大社","神社建築","重要文化財","福岡県","九州","33.301630","130.565872","文化庁・国指定文化財等DB","https://kunishitei.bunka.go.jp/bsys/index","102-3470","文化庁DBの緯度・経度欄","official-background","shrine/temple official pool; region+category quotas; 2km spacing; deterministic SHA-256 rank"
"69","kinki-shrine-temple-sites-v5-nested-069","窪八幡神社摂社若宮八幡神社本殿","神社建築","重要文化財","山梨県","北陸甲信","35.704940","138.689883","文化庁・国指定文化財等DB","https://kunishitei.bunka.go.jp/bsys/index","102-868","文化庁DBの緯度・経度欄","official-background","shrine/temple official pool; region+category quotas; 2km spacing; deterministic SHA-256 rank"
"70","kinki-shrine-temple-sites-v5-nested-070","妙本寺番神堂","神社建築","重要文化財","岡山県","中国","34.809760","133.704363","文化庁・国指定文化財等DB","https://kunishitei.bunka.go.jp/bsys/index","102-3091","文化庁DBの緯度・経度欄","official-background","shrine/temple official pool; region+category quotas; 2km spacing; deterministic SHA-256 rank"
"71","kinki-shrine-temple-sites-v5-nested-071","八幡神社鳥居","神社建築","重要文化財","山形県","東北","38.202392","140.320514","文化庁・国指定文化財等DB","https://kunishitei.bunka.go.jp/bsys/index","102-178","文化庁DBの緯度・経度欄","official-background","shrine/temple official pool; region+category quotas; 2km spacing; deterministic SHA-256 rank"
"72","kinki-shrine-temple-sites-v5-nested-072","富士浅間宮本殿","神社建築","重要文化財","静岡県","東海","34.767046","137.950403","文化庁・国指定文化財等DB","https://kunishitei.bunka.go.jp/bsys/index","102-1154","文化庁DBの緯度・経度欄","official-background","shrine/temple official pool; region+category quotas; 2km spacing; deterministic SHA-256 rank"
"73","kinki-shrine-temple-sites-v5-nested-073","春日大社本社","神社建築","国宝","奈良県","近畿","34.681579","135.848466","文化庁・国指定文化財等DB","https://kunishitei.bunka.go.jp/bsys/index","102-2533","文化庁DBの緯度・経度欄","official-background","shrine/temple official pool; region+category quotas; 2km spacing; deterministic SHA-256 rank"
"74","kinki-shrine-temple-sites-v5-nested-074","有章院（徳川家継）霊廟二天門","神社建築","重要文化財","東京都","関東","35.659156","139.750362","文化庁・国指定文化財等DB","https://kunishitei.bunka.go.jp/bsys/index","102-514","文化庁DBの緯度・経度欄","official-background","shrine/temple official pool; region+category quotas; 2km spacing; deterministic SHA-256 rank"
"75","kinki-shrine-temple-sites-v5-nested-075","香椎宮本殿","神社建築","重要文化財","福岡県","九州","33.654651","130.443436","文化庁・国指定文化財等DB","https://kunishitei.bunka.go.jp/bsys/index","102-3463","文化庁DBの緯度・経度欄","official-background","shrine/temple official pool; region+category quotas; 2km spacing; deterministic SHA-256 rank"
"76","kinki-shrine-temple-sites-v5-nested-076","福王子神社","神社建築","重要文化財","京都府","近畿","35.028954","135.709102","文化庁・国指定文化財等DB","https://kunishitei.bunka.go.jp/bsys/index","102-1898","文化庁DBの緯度・経度欄","official-background","shrine/temple official pool; region+category quotas; 2km spacing; deterministic SHA-256 rank"
"77","kinki-shrine-temple-sites-v5-nested-077","尾崎神社","神社建築","重要文化財","石川県","北陸甲信","36.569193","136.657675","文化庁・国指定文化財等DB","https://kunishitei.bunka.go.jp/bsys/index","102-749","文化庁DBの緯度・経度欄","official-background","shrine/temple official pool; region+category quotas; 2km spacing; deterministic SHA-256 rank"
"78","kinki-shrine-temple-sites-v5-nested-078","吉備津神社北随神門","神社建築","重要文化財","岡山県","中国","34.671131","133.850657","文化庁・国指定文化財等DB","https://kunishitei.bunka.go.jp/bsys/index","102-2995","文化庁DBの緯度・経度欄","official-background","shrine/temple official pool; region+category quotas; 2km spacing; deterministic SHA-256 rank"
"79","kinki-shrine-temple-sites-v5-nested-079","尾張大国霊神社楼門","神社建築","重要文化財","愛知県","東海","35.255740","136.805473","文化庁・国指定文化財等DB","https://kunishitei.bunka.go.jp/bsys/index","102-1262","文化庁DBの緯度・経度欄","official-background","shrine/temple official pool; region+category quotas; 2km spacing; deterministic SHA-256 rank"
"80","kinki-shrine-temple-sites-v5-nested-080","波宇志別神社神楽殿","神社建築","重要文化財","秋田県","東北","39.367791","140.365707","文化庁・国指定文化財等DB","https://kunishitei.bunka.go.jp/bsys/index","102-171","文化庁DBの緯度・経度欄","official-background","shrine/temple official pool; region+category quotas; 2km spacing; deterministic SHA-256 rank"
"81","kinki-shrine-temple-sites-v5-nested-081","鹿島神宮","神社建築","重要文化財","茨城県","関東","35.968775","140.631540","文化庁・国指定文化財等DB","https://kunishitei.bunka.go.jp/bsys/index","102-249","文化庁DBの緯度・経度欄","official-background","shrine/temple official pool; region+category quotas; 2km spacing; deterministic SHA-256 rank"
"82","kinki-shrine-temple-sites-v5-nested-082","一宮神社本殿","神社建築","重要文化財","徳島県","四国","34.037874","134.462554","文化庁・国指定文化財等DB","https://kunishitei.bunka.go.jp/bsys/index","102-3248","文化庁DBの緯度・経度欄","official-background","shrine/temple official pool; region+category quotas; 2km spacing; deterministic SHA-256 rank"
"83","kinki-shrine-temple-sites-v5-nested-083","出雲大神宮本殿","神社建築","重要文化財","京都府","近畿","35.059439","135.578417","文化庁・国指定文化財等DB","https://kunishitei.bunka.go.jp/bsys/index","102-1979","文化庁DBの緯度・経度欄","official-background","shrine/temple official pool; region+category quotas; 2km spacing; deterministic SHA-256 rank"
"84","kinki-shrine-temple-sites-v5-nested-084","厳有院霊廟勅額門及び水盤舎","神社建築","重要文化財","東京都","関東","35.720284","139.776968","文化庁・国指定文化財等DB","https://kunishitei.bunka.go.jp/bsys/index","102-541","文化庁DBの緯度・経度欄","official-background","shrine/temple official pool; region+category quotas; 2km spacing; deterministic SHA-256 rank"
"85","kinki-shrine-temple-sites-v5-nested-085","高千穂神社本殿","神社建築","重要文化財","宮崎県","九州","32.706488","131.301910","文化庁・国指定文化財等DB","https://kunishitei.bunka.go.jp/bsys/index","102-00003883","文化庁DBの緯度・経度欄","official-background","shrine/temple official pool; region+category quotas; 2km spacing; deterministic SHA-256 rank"
"86","kinki-shrine-temple-sites-v5-nested-086","源敬公（徳川義直）廟","神社建築","重要文化財","愛知県","東海","35.279951","137.092074","文化庁・国指定文化財等DB","https://kunishitei.bunka.go.jp/bsys/index","102-1222","文化庁DBの緯度・経度欄","official-background","shrine/temple official pool; region+category quotas; 2km spacing; deterministic SHA-256 rank"
"87","kinki-shrine-temple-sites-v5-nested-087","久津八幡宮本殿","神社建築","重要文化財","岐阜県","北陸甲信","35.887504","137.212528","文化庁・国指定文化財等DB","https://kunishitei.bunka.go.jp/bsys/index","102-1098","文化庁DBの緯度・経度欄","official-background","shrine/temple official pool; region+category quotas; 2km spacing; deterministic SHA-256 rank"
"88","kinki-shrine-temple-sites-v5-nested-088","総社本殿","神社建築","重要文化財","岡山県","中国","35.074077","133.994275","文化庁・国指定文化財等DB","https://kunishitei.bunka.go.jp/bsys/index","102-3023","文化庁DBの緯度・経度欄","official-background","shrine/temple official pool; region+category quotas; 2km spacing; deterministic SHA-256 rank"
"89","kinki-shrine-temple-sites-v5-nested-089","三輪神社","神社建築","重要文化財","秋田県","東北","39.197334","140.432915","文化庁・国指定文化財等DB","https://kunishitei.bunka.go.jp/bsys/index","102-173","文化庁DBの緯度・経度欄","official-background","shrine/temple official pool; region+category quotas; 2km spacing; deterministic SHA-256 rank"
"90","kinki-shrine-temple-sites-v5-nested-090","本興寺三光堂","神社建築","重要文化財","兵庫県","近畿","34.717135","135.413932","文化庁・国指定文化財等DB","https://kunishitei.bunka.go.jp/bsys/index","102-2350","文化庁DBの緯度・経度欄","official-background","shrine/temple official pool; region+category quotas; 2km spacing; deterministic SHA-256 rank"
"91","kinki-shrine-temple-sites-v5-nested-091","笠間稲荷神社本殿","神社建築","重要文化財","茨城県","関東","36.386244","140.254167","文化庁・国指定文化財等DB","https://kunishitei.bunka.go.jp/bsys/index","102-246","文化庁DBの緯度・経度欄","official-background","shrine/temple official pool; region+category quotas; 2km spacing; deterministic SHA-256 rank"
"92","kinki-shrine-temple-sites-v5-nested-092","石手寺訶梨帝母天堂","神社建築","重要文化財","愛媛県","四国","33.847647","132.796298","文化庁・国指定文化財等DB","https://kunishitei.bunka.go.jp/bsys/index","102-3315","文化庁DBの緯度・経度欄","official-background","shrine/temple official pool; region+category quotas; 2km spacing; deterministic SHA-256 rank"
"93","kinki-shrine-temple-sites-v5-nested-093","老神神社","神社建築","重要文化財","熊本県","九州","32.210524","130.758684","文化庁・国指定文化財等DB","https://kunishitei.bunka.go.jp/bsys/index","102-3571","文化庁DBの緯度・経度欄","official-background","shrine/temple official pool; region+category quotas; 2km spacing; deterministic SHA-256 rank"
"94","kinki-shrine-temple-sites-v5-nested-094","伊賀八幡宮","神社建築","重要文化財","愛知県","東海","34.971011","137.164671","文化庁・国指定文化財等DB","https://kunishitei.bunka.go.jp/bsys/index","102-1203","文化庁DBの緯度・経度欄","official-background","shrine/temple official pool; region+category quotas; 2km spacing; deterministic SHA-256 rank"
"95","kinki-shrine-temple-sites-v5-nested-095","勝手神社本殿","神社建築","重要文化財","滋賀県","近畿","35.046572","136.121482","文化庁・国指定文化財等DB","https://kunishitei.bunka.go.jp/bsys/index","102-1499","文化庁DBの緯度・経度欄","official-background","shrine/temple official pool; region+category quotas; 2km spacing; deterministic SHA-256 rank"
"96","kinki-shrine-temple-sites-v5-nested-096","若一王子神社本殿","神社建築","重要文化財","長野県","北陸甲信","36.515886","137.853582","文化庁・国指定文化財等DB","https://kunishitei.bunka.go.jp/bsys/index","102-956","文化庁DBの緯度・経度欄","official-background","shrine/temple official pool; region+category quotas; 2km spacing; deterministic SHA-256 rank"
"97","kinki-shrine-temple-sites-v5-nested-097","染羽天石勝神社本殿","神社建築","重要文化財","島根県","中国","34.680304","131.860920","文化庁・国指定文化財等DB","https://kunishitei.bunka.go.jp/bsys/index","102-2956","文化庁DBの緯度・経度欄","official-background","shrine/temple official pool; region+category quotas; 2km spacing; deterministic SHA-256 rank"
"98","kinki-shrine-temple-sites-v5-nested-098","鳥居","神社建築","重要文化財","山形県","東北","38.228713","140.328980","文化庁・国指定文化財等DB","https://kunishitei.bunka.go.jp/bsys/index","102-179","文化庁DBの緯度・経度欄","official-background","shrine/temple official pool; region+category quotas; 2km spacing; deterministic SHA-256 rank"
"99","kinki-shrine-temple-sites-v5-nested-099","旧台徳院霊廟勅額門、丁子門及び御成門","神社建築","重要文化財","埼玉県","関東","35.770216","139.416851","文化庁・国指定文化財等DB","https://kunishitei.bunka.go.jp/bsys/index","102-446","文化庁DBの緯度・経度欄","official-background","shrine/temple official pool; region+category quotas; 2km spacing; deterministic SHA-256 rank"
"100","kinki-shrine-temple-sites-v5-nested-100","神部神社浅間神社","神社建築","重要文化財","静岡県","東海","34.983729","138.375350","文化庁・国指定文化財等DB","https://kunishitei.bunka.go.jp/bsys/index","102-1126","文化庁DBの緯度・経度欄","official-background","shrine/temple official pool; region+category quotas; 2km spacing; deterministic SHA-256 rank"
"101","kinki-shrine-temple-sites-v5-nested-101","櫻井神社","神社建築","重要文化財","福岡県","九州","33.628139","130.191933","文化庁・国指定文化財等DB","https://kunishitei.bunka.go.jp/bsys/index","102-00005499","文化庁DBの緯度・経度欄","official-background","shrine/temple official pool; region+category quotas; 2km spacing; deterministic SHA-256 rank"
"102","kinki-shrine-temple-sites-v5-nested-102","丹生神社本殿","神社建築","重要文化財","奈良県","近畿","34.694916","135.964397","文化庁・国指定文化財等DB","https://kunishitei.bunka.go.jp/bsys/index","102-2525","文化庁DBの緯度・経度欄","official-background","shrine/temple official pool; region+category quotas; 2km spacing; deterministic SHA-256 rank"
"103","kinki-shrine-temple-sites-v5-nested-103","妙義神社","神社建築","重要文化財","群馬県","関東","36.300446","138.762401","文化庁・国指定文化財等DB","https://kunishitei.bunka.go.jp/bsys/index","102-418","文化庁DBの緯度・経度欄","official-background","shrine/temple official pool; region+category quotas; 2km spacing; deterministic SHA-256 rank"
"104","kinki-shrine-temple-sites-v5-nested-104","朝倉神社本殿","神社建築","重要文化財","高知県","四国","33.553517","133.481646","文化庁・国指定文化財等DB","https://kunishitei.bunka.go.jp/bsys/index","102-3434","文化庁DBの緯度・経度欄","official-background","shrine/temple official pool; region+category quotas; 2km spacing; deterministic SHA-256 rank"
"105","kinki-shrine-temple-sites-v5-nested-105","大山田神社","神社建築","重要文化財","長野県","北陸甲信","35.377775","137.783134","文化庁・国指定文化財等DB","https://kunishitei.bunka.go.jp/bsys/index","102-996","文化庁DBの緯度・経度欄","official-background","shrine/temple official pool; region+category quotas; 2km spacing; deterministic SHA-256 rank"
"106","kinki-shrine-temple-sites-v5-nested-106","龍雲院","寺院建築","重要文化財","北海道","北海道","41.430997","140.107040","文化庁・国指定文化財等DB","https://kunishitei.bunka.go.jp/bsys/index","102-28","文化庁DBの緯度・経度欄","official-background","shrine/temple official pool; region+category quotas; 2km spacing; deterministic SHA-256 rank"
"107","kinki-shrine-temple-sites-v5-nested-107","正行寺本堂","寺院建築","重要文化財","北海道","北海道","43.035962","144.846694","文化庁・国指定文化財等DB","https://kunishitei.bunka.go.jp/bsys/index","102-40","文化庁DBの緯度・経度欄","official-background","shrine/temple official pool; region+category quotas; 2km spacing; deterministic SHA-256 rank"
"108","kinki-shrine-temple-sites-v5-nested-108","上國寺本堂","寺院建築","重要文化財","北海道","北海道","41.803372","140.103318","文化庁・国指定文化財等DB","https://kunishitei.bunka.go.jp/bsys/index","102-37","文化庁DBの緯度・経度欄","official-background","shrine/temple official pool; region+category quotas; 2km spacing; deterministic SHA-256 rank"
"109","kinki-shrine-temple-sites-v5-nested-109","旧崇元寺第一門及び石牆","寺院建築","重要文化財","沖縄県","沖縄","26.220350","127.690587","文化庁・国指定文化財等DB","https://kunishitei.bunka.go.jp/bsys/index","102-3646","文化庁DBの緯度・経度欄","official-background","shrine/temple official pool; region+category quotas; 2km spacing; deterministic SHA-256 rank"
"110","kinki-shrine-temple-sites-v5-nested-110","真光寺本堂","寺院建築","重要文化財","岡山県","中国","34.744815","134.180313","文化庁・国指定文化財等DB","https://kunishitei.bunka.go.jp/bsys/index","102-3059","文化庁DBの緯度・経度欄","official-background","shrine/temple official pool; region+category quotas; 2km spacing; deterministic SHA-256 rank"
"111","kinki-shrine-temple-sites-v5-nested-111","若松寺観音堂","寺院建築","重要文化財","山形県","東北","38.363173","140.419361","文化庁・国指定文化財等DB","https://kunishitei.bunka.go.jp/bsys/index","102-194","文化庁DBの緯度・経度欄","official-background","shrine/temple official pool; region+category quotas; 2km spacing; deterministic SHA-256 rank"
"112","kinki-shrine-temple-sites-v5-nested-112","油山寺本堂内厨子","寺院建築","重要文化財","静岡県","東海","34.787778","137.935645","文化庁・国指定文化財等DB","https://kunishitei.bunka.go.jp/bsys/index","102-1157","文化庁DBの緯度・経度欄","official-background","shrine/temple official pool; region+category quotas; 2km spacing; deterministic SHA-256 rank"
"113","kinki-shrine-temple-sites-v5-nested-113","普門院本堂","寺院建築","重要文化財","福岡県","九州","33.373245","130.771407","文化庁・国指定文化財等DB","https://kunishitei.bunka.go.jp/bsys/index","102-3489","文化庁DBの緯度・経度欄","official-background","shrine/temple official pool; region+category quotas; 2km spacing; deterministic SHA-256 rank"
"114","kinki-shrine-temple-sites-v5-nested-114","正明寺本堂","寺院建築","重要文化財","滋賀県","近畿","35.025768","136.245020","文化庁・国指定文化財等DB","https://kunishitei.bunka.go.jp/bsys/index","102-1487","文化庁DBの緯度・経度欄","official-background","shrine/temple official pool; region+category quotas; 2km spacing; deterministic SHA-256 rank"
"115","kinki-shrine-temple-sites-v5-nested-115","薬師堂","寺院建築","重要文化財","群馬県","関東","36.614124","138.798982","文化庁・国指定文化財等DB","https://kunishitei.bunka.go.jp/bsys/index","102-422","文化庁DBの緯度・経度欄","official-background","shrine/temple official pool; region+category quotas; 2km spacing; deterministic SHA-256 rank"
"116","kinki-shrine-temple-sites-v5-nested-116","高台寺表門","寺院建築","重要文化財","京都府","近畿","35.000525","135.780649","文化庁・国指定文化財等DB","https://kunishitei.bunka.go.jp/bsys/index","102-1786","文化庁DBの緯度・経度欄","official-background","shrine/temple official pool; region+category quotas; 2km spacing; deterministic SHA-256 rank"
"117","kinki-shrine-temple-sites-v5-nested-117","竹林寺本堂","寺院建築","重要文化財","高知県","四国","33.546512","133.576603","文化庁・国指定文化財等DB","https://kunishitei.bunka.go.jp/bsys/index","102-3418","文化庁DBの緯度・経度欄","official-background","shrine/temple official pool; region+category quotas; 2km spacing; deterministic SHA-256 rank"
"118","kinki-shrine-temple-sites-v5-nested-118","新長谷寺釈迦堂","寺院建築","重要文化財","岐阜県","北陸甲信","35.484791","136.923094","文化庁・国指定文化財等DB","https://kunishitei.bunka.go.jp/bsys/index","102-1047","文化庁DBの緯度・経度欄","official-background","shrine/temple official pool; region+category quotas; 2km spacing; deterministic SHA-256 rank"
"119","kinki-shrine-temple-sites-v5-nested-119","鑁阿寺本堂","寺院建築","国宝","栃木県","関東","36.337549","139.452270","文化庁・国指定文化財等DB","https://kunishitei.bunka.go.jp/bsys/index","102-266","文化庁DBの緯度・経度欄","official-background","shrine/temple official pool; region+category quotas; 2km spacing; deterministic SHA-256 rank"
"120","kinki-shrine-temple-sites-v5-nested-120","三仏寺地蔵堂","寺院建築","重要文化財","鳥取県","中国","35.397483","133.958545","文化庁・国指定文化財等DB","https://kunishitei.bunka.go.jp/bsys/index","102-2942","文化庁DBの緯度・経度欄","official-background","shrine/temple official pool; region+category quotas; 2km spacing; deterministic SHA-256 rank"
"121","kinki-shrine-temple-sites-v5-nested-121","三明寺三重塔","寺院建築","重要文化財","愛知県","東海","34.820215","137.399566","文化庁・国指定文化財等DB","https://kunishitei.bunka.go.jp/bsys/index","102-1227","文化庁DBの緯度・経度欄","official-background","shrine/temple official pool; region+category quotas; 2km spacing; deterministic SHA-256 rank"
"122","kinki-shrine-temple-sites-v5-nested-122","長勝寺三門","寺院建築","重要文化財","青森県","東北","40.598739","140.451449","文化庁・国指定文化財等DB","https://kunishitei.bunka.go.jp/bsys/index","102-42","文化庁DBの緯度・経度欄","official-background","shrine/temple official pool; region+category quotas; 2km spacing; deterministic SHA-256 rank"
"123","kinki-shrine-temple-sites-v5-nested-123","富貴寺大堂","寺院建築","国宝","大分県","九州","33.537880","131.528549","文化庁・国指定文化財等DB","https://kunishitei.bunka.go.jp/bsys/index","102-3597","文化庁DBの緯度・経度欄","official-background","shrine/temple official pool; region+category quotas; 2km spacing; deterministic SHA-256 rank"
"124","kinki-shrine-temple-sites-v5-nested-124","延暦寺転法輪堂","寺院建築","重要文化財","滋賀県","近畿","35.074306","135.833962","文化庁・国指定文化財等DB","https://kunishitei.bunka.go.jp/bsys/index","102-1322","文化庁DBの緯度・経度欄","official-background","shrine/temple official pool; region+category quotas; 2km spacing; deterministic SHA-256 rank"
"125","kinki-shrine-temple-sites-v5-nested-125","本門寺五重塔","寺院建築","重要文化財","東京都","関東","35.578130","139.706328","文化庁・国指定文化財等DB","https://kunishitei.bunka.go.jp/bsys/index","102-557","文化庁DBの緯度・経度欄","official-background","shrine/temple official pool; region+category quotas; 2km spacing; deterministic SHA-256 rank"
"126","kinki-shrine-temple-sites-v5-nested-126","妙源寺柳堂","寺院建築","重要文化財","愛知県","東海","34.948241","137.124220","文化庁・国指定文化財等DB","https://kunishitei.bunka.go.jp/bsys/index","102-1197","文化庁DBの緯度・経度欄","official-background","shrine/temple official pool; region+category quotas; 2km spacing; deterministic SHA-256 rank"
"127","kinki-shrine-temple-sites-v5-nested-127","護徳寺観音堂","寺院建築","重要文化財","新潟県","北陸甲信","37.717776","139.525751","文化庁・国指定文化財等DB","https://kunishitei.bunka.go.jp/bsys/index","102-659","文化庁DBの緯度・経度欄","official-background","shrine/temple official pool; region+category quotas; 2km spacing; deterministic SHA-256 rank"
"128","kinki-shrine-temple-sites-v5-nested-128","西国寺三重塔","寺院建築","重要文化財","広島県","中国","34.416433","133.203043","文化庁・国指定文化財等DB","https://kunishitei.bunka.go.jp/bsys/index","102-3138","文化庁DBの緯度・経度欄","official-background","shrine/temple official pool; region+category quotas; 2km spacing; deterministic SHA-256 rank"
"129","kinki-shrine-temple-sites-v5-nested-129","成法寺観音堂","寺院建築","重要文化財","福島県","東北","37.294958","139.475658","文化庁・国指定文化財等DB","https://kunishitei.bunka.go.jp/bsys/index","102-212","文化庁DBの緯度・経度欄","official-background","shrine/temple official pool; region+category quotas; 2km spacing; deterministic SHA-256 rank"
"130","kinki-shrine-temple-sites-v5-nested-130","崇福寺大雄宝殿","寺院建築","国宝","長崎県","九州","32.742586","129.883498","文化庁・国指定文化財等DB","https://kunishitei.bunka.go.jp/bsys/index","102-3516","文化庁DBの緯度・経度欄","official-background","shrine/temple official pool; region+category quotas; 2km spacing; deterministic SHA-256 rank"
"131","kinki-shrine-temple-sites-v5-nested-131","宝幢寺本堂","寺院建築","重要文化財","奈良県","近畿","34.662519","135.701212","文化庁・国指定文化財等DB","https://kunishitei.bunka.go.jp/bsys/index","102-2666","文化庁DBの緯度・経度欄","official-background","shrine/temple official pool; region+category quotas; 2km spacing; deterministic SHA-256 rank"
"132","kinki-shrine-temple-sites-v5-nested-132","太山寺本堂","寺院建築","国宝","愛媛県","四国","33.885007","132.714985","文化庁・国指定文化財等DB","https://kunishitei.bunka.go.jp/bsys/index","102-3308","文化庁DBの緯度・経度欄","official-background","shrine/temple official pool; region+category quotas; 2km spacing; deterministic SHA-256 rank"
"133","kinki-shrine-temple-sites-v5-nested-133","西明寺三重塔","寺院建築","重要文化財","栃木県","関東","36.452501","140.117162","文化庁・国指定文化財等DB","https://kunishitei.bunka.go.jp/bsys/index","102-389","文化庁DBの緯度・経度欄","official-background","shrine/temple official pool; region+category quotas; 2km spacing; deterministic SHA-256 rank"
"134","kinki-shrine-temple-sites-v5-nested-134","観菩提寺楼門","寺院建築","重要文化財","三重県","東海","34.780535","136.052173","文化庁・国指定文化財等DB","https://kunishitei.bunka.go.jp/bsys/index","102-1313","文化庁DBの緯度・経度欄","official-background","shrine/temple official pool; region+category quotas; 2km spacing; deterministic SHA-256 rank"
"135","kinki-shrine-temple-sites-v5-nested-135","神角寺本堂","寺院建築","重要文化財","大分県","九州","33.054914","131.456651","文化庁・国指定文化財等DB","https://kunishitei.bunka.go.jp/bsys/index","102-3616","文化庁DBの緯度・経度欄","official-background","shrine/temple official pool; region+category quotas; 2km spacing; deterministic SHA-256 rank"
"136","kinki-shrine-temple-sites-v5-nested-136","法隆寺妻室","寺院建築","重要文化財","奈良県","近畿","34.614373","135.735152","文化庁・国指定文化財等DB","https://kunishitei.bunka.go.jp/bsys/index","102-2712","文化庁DBの緯度・経度欄","official-background","shrine/temple official pool; region+category quotas; 2km spacing; deterministic SHA-256 rank"
"137","kinki-shrine-temple-sites-v5-nested-137","平等寺薬師堂","寺院建築","重要文化財","新潟県","北陸甲信","37.720679","139.360177","文化庁・国指定文化財等DB","https://kunishitei.bunka.go.jp/bsys/index","102-662","文化庁DBの緯度・経度欄","official-background","shrine/temple official pool; region+category quotas; 2km spacing; deterministic SHA-256 rank"
"138","kinki-shrine-temple-sites-v5-nested-138","曹源寺栄螺堂","寺院建築","重要文化財","群馬県","関東","36.322260","139.385652","文化庁・国指定文化財等DB","https://kunishitei.bunka.go.jp/bsys/index","102-00005150","文化庁DBの緯度・経度欄","official-background","shrine/temple official pool; region+category quotas; 2km spacing; deterministic SHA-256 rank"
"139","kinki-shrine-temple-sites-v5-nested-139","不動院楼門","寺院建築","重要文化財","広島県","中国","34.426993","132.470764","文化庁・国指定文化財等DB","https://kunishitei.bunka.go.jp/bsys/index","102-3106","文化庁DBの緯度・経度欄","official-background","shrine/temple official pool; region+category quotas; 2km spacing; deterministic SHA-256 rank"
"140","kinki-shrine-temple-sites-v5-nested-140","奥之院弁天堂","寺院建築","重要文化財","福島県","東北","37.531974","139.727019","文化庁・国指定文化財等DB","https://kunishitei.bunka.go.jp/bsys/index","102-222","文化庁DBの緯度・経度欄","official-background","shrine/temple official pool; region+category quotas; 2km spacing; deterministic SHA-256 rank"
"141","kinki-shrine-temple-sites-v5-nested-141","長光寺地蔵堂","寺院建築","重要文化財","愛知県","東海","35.233178","136.831333","文化庁・国指定文化財等DB","https://kunishitei.bunka.go.jp/bsys/index","102-1261","文化庁DBの緯度・経度欄","official-background","shrine/temple official pool; region+category quotas; 2km spacing; deterministic SHA-256 rank"
"142","kinki-shrine-temple-sites-v5-nested-142","金剛寺多宝塔","寺院建築","重要文化財","大阪府","近畿","34.428285","135.529390","文化庁・国指定文化財等DB","https://kunishitei.bunka.go.jp/bsys/index","102-2190","文化庁DBの緯度・経度欄","official-background","shrine/temple official pool; region+category quotas; 2km spacing; deterministic SHA-256 rank"
"143","kinki-shrine-temple-sites-v5-nested-143","白峯寺","寺院建築","重要文化財","香川県","四国","34.343392","133.910573","文化庁・国指定文化財等DB","https://kunishitei.bunka.go.jp/bsys/index","102-00005014","文化庁DBの緯度・経度欄","official-background","shrine/temple official pool; region+category quotas; 2km spacing; deterministic SHA-256 rank"
"144","kinki-shrine-temple-sites-v5-nested-144","竜禅寺三仏堂","寺院建築","重要文化財","茨城県","関東","35.922538","140.023478","文化庁・国指定文化財等DB","https://kunishitei.bunka.go.jp/bsys/index","102-247","文化庁DBの緯度・経度欄","official-background","shrine/temple official pool; region+category quotas; 2km spacing; deterministic SHA-256 rank"
"145","kinki-shrine-temple-sites-v5-nested-145","明導寺阿弥陀堂","寺院建築","重要文化財","熊本県","九州","32.252636","130.974092","文化庁・国指定文化財等DB","https://kunishitei.bunka.go.jp/bsys/index","102-3582","文化庁DBの緯度・経度欄","official-background","shrine/temple official pool; region+category quotas; 2km spacing; deterministic SHA-256 rank"
"146","kinki-shrine-temple-sites-v5-nested-146","善光寺山門","寺院建築","重要文化財","山梨県","北陸甲信","35.664586","138.592476","文化庁・国指定文化財等DB","https://kunishitei.bunka.go.jp/bsys/index","102-843","文化庁DBの緯度・経度欄","official-background","shrine/temple official pool; region+category quotas; 2km spacing; deterministic SHA-256 rank"
"147","kinki-shrine-temple-sites-v5-nested-147","閼伽井坊多宝塔","寺院建築","重要文化財","山口県","中国","34.038675","131.872146","文化庁・国指定文化財等DB","https://kunishitei.bunka.go.jp/bsys/index","102-3234","文化庁DBの緯度・経度欄","official-background","shrine/temple official pool; region+category quotas; 2km spacing; deterministic SHA-256 rank"
"148","kinki-shrine-temple-sites-v5-nested-148","勝福寺観音堂","寺院建築","重要文化財","福島県","東北","37.648237","139.896860","文化庁・国指定文化財等DB","https://kunishitei.bunka.go.jp/bsys/index","102-208","文化庁DBの緯度・経度欄","official-background","shrine/temple official pool; region+category quotas; 2km spacing; deterministic SHA-256 rank"
"149","kinki-shrine-temple-sites-v5-nested-149","知立神社多宝塔","寺院建築","重要文化財","愛知県","東海","35.012703","137.041394","文化庁・国指定文化財等DB","https://kunishitei.bunka.go.jp/bsys/index","102-1267","文化庁DBの緯度・経度欄","official-background","shrine/temple official pool; region+category quotas; 2km spacing; deterministic SHA-256 rank"
"150","kinki-shrine-temple-sites-v5-nested-150","長命寺護摩堂","寺院建築","重要文化財","滋賀県","近畿","35.162649","136.064237","文化庁・国指定文化財等DB","https://kunishitei.bunka.go.jp/bsys/index","102-1407","文化庁DBの緯度・経度欄","official-background","shrine/temple official pool; region+category quotas; 2km spacing; deterministic SHA-256 rank"
"151","kinki-shrine-temple-sites-v5-nested-151","竜正院仁王門","寺院建築","重要文化財","千葉県","関東","35.866672","140.341648","文化庁・国指定文化財等DB","https://kunishitei.bunka.go.jp/bsys/index","102-490","文化庁DBの緯度・経度欄","official-background","shrine/temple official pool; region+category quotas; 2km spacing; deterministic SHA-256 rank"
"152","kinki-shrine-temple-sites-v5-nested-152","善導寺","寺院建築","重要文化財","福岡県","九州","33.329523","130.606757","文化庁・国指定文化財等DB","https://kunishitei.bunka.go.jp/bsys/index","102-3473","文化庁DBの緯度・経度欄","official-background","shrine/temple official pool; region+category quotas; 2km spacing; deterministic SHA-256 rank"
"153","kinki-shrine-temple-sites-v5-nested-153","興臨院表門","寺院建築","重要文化財","京都府","近畿","35.044208","135.742960","文化庁・国指定文化財等DB","https://kunishitei.bunka.go.jp/bsys/index","102-1607","文化庁DBの緯度・経度欄","official-background","shrine/temple official pool; region+category quotas; 2km spacing; deterministic SHA-256 rank"
"154","kinki-shrine-temple-sites-v5-nested-154","大善寺本堂","寺院建築","国宝","山梨県","北陸甲信","35.657108","138.743001","文化庁・国指定文化財等DB","https://kunishitei.bunka.go.jp/bsys/index","102-882","文化庁DBの緯度・経度欄","official-background","shrine/temple official pool; region+category quotas; 2km spacing; deterministic SHA-256 rank"
"155","kinki-shrine-temple-sites-v5-nested-155","屋島寺本堂","寺院建築","重要文化財","香川県","四国","34.357879","134.101255","文化庁・国指定文化財等DB","https://kunishitei.bunka.go.jp/bsys/index","102-3277","文化庁DBの緯度・経度欄","official-background","shrine/temple official pool; region+category quotas; 2km spacing; deterministic SHA-256 rank"
"156","kinki-shrine-temple-sites-v5-nested-156","瑞聖寺大雄宝殿","寺院建築","重要文化財","東京都","関東","35.637294","139.726933","文化庁・国指定文化財等DB","https://kunishitei.bunka.go.jp/bsys/index","102-512","文化庁DBの緯度・経度欄","official-background","shrine/temple official pool; region+category quotas; 2km spacing; deterministic SHA-256 rank"
"157","kinki-shrine-temple-sites-v5-nested-157","財賀寺","寺院建築","重要文化財","愛知県","東海","34.870829","137.357317","文化庁・国指定文化財等DB","https://kunishitei.bunka.go.jp/bsys/index","102-1230","文化庁DBの緯度・経度欄","official-background","shrine/temple official pool; region+category quotas; 2km spacing; deterministic SHA-256 rank"
"158","kinki-shrine-temple-sites-v5-nested-158","雲樹寺四脚門(大門)","寺院建築","重要文化財","島根県","中国","35.393324","133.265548","文化庁・国指定文化財等DB","https://kunishitei.bunka.go.jp/bsys/index","102-2964","文化庁DBの緯度・経度欄","official-background","shrine/temple official pool; region+category quotas; 2km spacing; deterministic SHA-256 rank"
"159","kinki-shrine-temple-sites-v5-nested-159","観音寺観音堂","寺院建築","重要文化財","山形県","東北","38.217678","140.070027","文化庁・国指定文化財等DB","https://kunishitei.bunka.go.jp/bsys/index","102-197","文化庁DBの緯度・経度欄","official-background","shrine/temple official pool; region+category quotas; 2km spacing; deterministic SHA-256 rank"
"160","kinki-shrine-temple-sites-v5-nested-160","善光寺本堂","寺院建築","重要文化財","大分県","九州","33.559484","131.305493","文化庁・国指定文化財等DB","https://kunishitei.bunka.go.jp/bsys/index","102-3598","文化庁DBの緯度・経度欄","official-background","shrine/temple official pool; region+category quotas; 2km spacing; deterministic SHA-256 rank"
"161","kinki-shrine-temple-sites-v5-nested-161","寶塔寺本堂","寺院建築","重要文化財","京都府","近畿","34.962868","135.775865","文化庁・国指定文化財等DB","https://kunishitei.bunka.go.jp/bsys/index","102-1920","文化庁DBの緯度・経度欄","official-background","shrine/temple official pool; region+category quotas; 2km spacing; deterministic SHA-256 rank"
"162","kinki-shrine-temple-sites-v5-nested-162","薬王院本堂","寺院建築","重要文化財","茨城県","関東","36.356030","140.477665","文化庁・国指定文化財等DB","https://kunishitei.bunka.go.jp/bsys/index","102-236","文化庁DBの緯度・経度欄","official-background","shrine/temple official pool; region+category quotas; 2km spacing; deterministic SHA-256 rank"
"163","kinki-shrine-temple-sites-v5-nested-163","智満寺本堂","寺院建築","重要文化財","静岡県","東海","34.891248","138.161983","文化庁・国指定文化財等DB","https://kunishitei.bunka.go.jp/bsys/index","102-1152","文化庁DBの緯度・経度欄","official-background","shrine/temple official pool; region+category quotas; 2km spacing; deterministic SHA-256 rank"
"164","kinki-shrine-temple-sites-v5-nested-164","瑞龍寺","寺院建築","国宝","富山県","北陸甲信","36.735551","137.011523","文化庁・国指定文化財等DB","https://kunishitei.bunka.go.jp/bsys/index","102-712","文化庁DBの緯度・経度欄","official-background","shrine/temple official pool; region+category quotas; 2km spacing; deterministic SHA-256 rank"
"165","kinki-shrine-temple-sites-v5-nested-165","安国寺釈迦堂","寺院建築","重要文化財","広島県","中国","34.388106","133.380010","文化庁・国指定文化財等DB","https://kunishitei.bunka.go.jp/bsys/index","102-3144","文化庁DBの緯度・経度欄","official-background","shrine/temple official pool; region+category quotas; 2km spacing; deterministic SHA-256 rank"
"166","kinki-shrine-temple-sites-v5-nested-166","立石寺三重小塔","寺院建築","重要文化財","山形県","東北","38.314993","140.434131","文化庁・国指定文化財等DB","https://kunishitei.bunka.go.jp/bsys/index","102-177","文化庁DBの緯度・経度欄","official-background","shrine/temple official pool; region+category quotas; 2km spacing; deterministic SHA-256 rank"
"167","kinki-shrine-temple-sites-v5-nested-167","慈眼院金堂","寺院建築","重要文化財","大阪府","近畿","34.374136","135.343732","文化庁・国指定文化財等DB","https://kunishitei.bunka.go.jp/bsys/index","102-2172","文化庁DBの緯度・経度欄","official-background","shrine/temple official pool; region+category quotas; 2km spacing; deterministic SHA-256 rank"
"168","kinki-shrine-temple-sites-v5-nested-168","国分寺本堂","寺院建築","重要文化財","香川県","四国","34.303092","133.944170","文化庁・国指定文化財等DB","https://kunishitei.bunka.go.jp/bsys/index","102-3298","文化庁DBの緯度・経度欄","official-background","shrine/temple official pool; region+category quotas; 2km spacing; deterministic SHA-256 rank"
"169","kinki-shrine-temple-sites-v5-nested-169","広徳寺大御堂","寺院建築","重要文化財","埼玉県","関東","35.977399","139.504229","文化庁・国指定文化財等DB","https://kunishitei.bunka.go.jp/bsys/index","102-459","文化庁DBの緯度・経度欄","official-background","shrine/temple official pool; region+category quotas; 2km spacing; deterministic SHA-256 rank"
"170","kinki-shrine-temple-sites-v5-nested-170","英彦山神社奉幣殿","寺院建築","重要文化財","福岡県","九州","33.483868","130.910330","文化庁・国指定文化財等DB","https://kunishitei.bunka.go.jp/bsys/index","102-3496","文化庁DBの緯度・経度欄","official-background","shrine/temple official pool; region+category quotas; 2km spacing; deterministic SHA-256 rank"
"171","kinki-shrine-temple-sites-v5-nested-171","密蔵院多宝塔","寺院建築","重要文化財","愛知県","東海","35.243202","137.003225","文化庁・国指定文化財等DB","https://kunishitei.bunka.go.jp/bsys/index","102-1226","文化庁DBの緯度・経度欄","official-background","shrine/temple official pool; region+category quotas; 2km spacing; deterministic SHA-256 rank"
"172","kinki-shrine-temple-sites-v5-nested-172","教王護国寺北大門","寺院建築","重要文化財","京都府","近畿","34.982044","135.747681","文化庁・国指定文化財等DB","https://kunishitei.bunka.go.jp/bsys/index","102-1837","文化庁DBの緯度・経度欄","official-background","shrine/temple official pool; region+category quotas; 2km spacing; deterministic SHA-256 rank"
"173","kinki-shrine-temple-sites-v5-nested-173","光前寺弁天堂","寺院建築","重要文化財","長野県","北陸甲信","35.735125","137.895921","文化庁・国指定文化財等DB","https://kunishitei.bunka.go.jp/bsys/index","102-955","文化庁DBの緯度・経度欄","official-background","shrine/temple official pool; region+category quotas; 2km spacing; deterministic SHA-256 rank"
"174","kinki-shrine-temple-sites-v5-nested-174","福成寺本堂内厨子及び須弥壇","寺院建築","重要文化財","広島県","中国","34.378094","132.775005","文化庁・国指定文化財等DB","https://kunishitei.bunka.go.jp/bsys/index","102-3694","文化庁DBの緯度・経度欄","official-background","shrine/temple official pool; region+category quotas; 2km spacing; deterministic SHA-256 rank"
"175","kinki-shrine-temple-sites-v5-nested-175","佐竹寺本堂","寺院建築","重要文化財","茨城県","関東","36.526026","140.504668","文化庁・国指定文化財等DB","https://kunishitei.bunka.go.jp/bsys/index","102-243","文化庁DBの緯度・経度欄","official-background","shrine/temple official pool; region+category quotas; 2km spacing; deterministic SHA-256 rank"
"176","kinki-shrine-temple-sites-v5-nested-176","福生寺観音堂","寺院建築","重要文化財","福島県","東北","37.441126","139.845260","文化庁・国指定文化財等DB","https://kunishitei.bunka.go.jp/bsys/index","102-226","文化庁DBの緯度・経度欄","official-background","shrine/temple official pool; region+category quotas; 2km spacing; deterministic SHA-256 rank"
"177","kinki-shrine-temple-sites-v5-nested-177","長福寺本堂","寺院建築","重要文化財","大分県","九州","33.327881","130.937781","文化庁・国指定文化財等DB","https://kunishitei.bunka.go.jp/bsys/index","102-00004078","文化庁DBの緯度・経度欄","official-background","shrine/temple official pool; region+category quotas; 2km spacing; deterministic SHA-256 rank"
"178","kinki-shrine-temple-sites-v5-nested-178","地蔵院","寺院建築","重要文化財","三重県","東海","34.853061","136.389306","文化庁・国指定文化財等DB","https://kunishitei.bunka.go.jp/bsys/index","102-1308","文化庁DBの緯度・経度欄","official-background","shrine/temple official pool; region+category quotas; 2km spacing; deterministic SHA-256 rank"
"179","kinki-shrine-temple-sites-v5-nested-179","法界寺本堂（薬師堂）","寺院建築","重要文化財","京都府","近畿","34.933925","135.815024","文化庁・国指定文化財等DB","https://kunishitei.bunka.go.jp/bsys/index","102-1917","文化庁DBの緯度・経度欄","official-background","shrine/temple official pool; region+category quotas; 2km spacing; deterministic SHA-256 rank"
"180","kinki-shrine-temple-sites-v5-nested-180","丈六寺本堂（元方丈）","寺院建築","重要文化財","徳島県","四国","34.005172","134.550954","文化庁・国指定文化財等DB","https://kunishitei.bunka.go.jp/bsys/index","102-3244","文化庁DBの緯度・経度欄","official-background","shrine/temple official pool; region+category quotas; 2km spacing; deterministic SHA-256 rank"
"181","kinki-shrine-temple-sites-v5-nested-181","石堂寺","寺院建築","重要文化財","千葉県","関東","35.052057","139.957854","文化庁・国指定文化財等DB","https://kunishitei.bunka.go.jp/bsys/index","102-495","文化庁DBの緯度・経度欄","official-background","shrine/temple official pool; region+category quotas; 2km spacing; deterministic SHA-256 rank"
"182","kinki-shrine-temple-sites-v5-nested-182","大乗寺仏殿","寺院建築","重要文化財","石川県","北陸甲信","36.532762","136.658796","文化庁・国指定文化財等DB","https://kunishitei.bunka.go.jp/bsys/index","102-770","文化庁DBの緯度・経度欄","official-background","shrine/temple official pool; region+category quotas; 2km spacing; deterministic SHA-256 rank"
"183","kinki-shrine-temple-sites-v5-nested-183","本山寺本堂","寺院建築","重要文化財","岡山県","中国","34.944370","134.010149","文化庁・国指定文化財等DB","https://kunishitei.bunka.go.jp/bsys/index","102-3101","文化庁DBの緯度・経度欄","official-background","shrine/temple official pool; region+category quotas; 2km spacing; deterministic SHA-256 rank"
"184","kinki-shrine-temple-sites-v5-nested-184","勝常寺薬師堂","寺院建築","重要文化財","福島県","東北","37.563503","139.870023","文化庁・国指定文化財等DB","https://kunishitei.bunka.go.jp/bsys/index","102-221","文化庁DBの緯度・経度欄","official-background","shrine/temple official pool; region+category quotas; 2km spacing; deterministic SHA-256 rank"
"185","kinki-shrine-temple-sites-v5-nested-185","生善院観音堂","寺院建築","重要文化財","熊本県","九州","32.287572","130.976659","文化庁・国指定文化財等DB","https://kunishitei.bunka.go.jp/bsys/index","102-3585","文化庁DBの緯度・経度欄","official-background","shrine/temple official pool; region+category quotas; 2km spacing; deterministic SHA-256 rank"
"186","kinki-shrine-temple-sites-v5-nested-186","甚目寺","寺院建築","重要文化財","愛知県","東海","35.194731","136.823471","文化庁・国指定文化財等DB","https://kunishitei.bunka.go.jp/bsys/index","102-1271","文化庁DBの緯度・経度欄","official-background","shrine/temple official pool; region+category quotas; 2km spacing; deterministic SHA-256 rank"
"187","kinki-shrine-temple-sites-v5-nested-187","本願寺本堂","寺院建築","重要文化財","京都府","近畿","35.601814","134.902220","文化庁・国指定文化財等DB","https://kunishitei.bunka.go.jp/bsys/index","102-2063","文化庁DBの緯度・経度欄","official-background","shrine/temple official pool; region+category quotas; 2km spacing; deterministic SHA-256 rank"
"188","kinki-shrine-temple-sites-v5-nested-188","旧燈明寺三重塔","寺院建築","重要文化財","神奈川県","関東","35.416363","139.659229","文化庁・国指定文化財等DB","https://kunishitei.bunka.go.jp/bsys/index","102-584","文化庁DBの緯度・経度欄","official-background","shrine/temple official pool; region+category quotas; 2km spacing; deterministic SHA-256 rank"
"189","kinki-shrine-temple-sites-v5-nested-189","園城寺唐院","寺院建築","重要文化財","滋賀県","近畿","35.012340","135.852092","文化庁・国指定文化財等DB","https://kunishitei.bunka.go.jp/bsys/index","102-1340","文化庁DBの緯度・経度欄","official-background","shrine/temple official pool; region+category quotas; 2km spacing; deterministic SHA-256 rank"
"190","kinki-shrine-temple-sites-v5-nested-190","孝恩寺観音堂","寺院建築","国宝","大阪府","近畿","34.397072","135.394573","文化庁・国指定文化財等DB","https://kunishitei.bunka.go.jp/bsys/index","102-2164","文化庁DBの緯度・経度欄","official-background","shrine/temple official pool; region+category quotas; 2km spacing; deterministic SHA-256 rank"
"191","kinki-shrine-temple-sites-v5-nested-191","岡寺仁王門","寺院建築","重要文化財","奈良県","近畿","34.471745","135.827422","文化庁・国指定文化財等DB","https://kunishitei.bunka.go.jp/bsys/index","102-2772","文化庁DBの緯度・経度欄","official-background","shrine/temple official pool; region+category quotas; 2km spacing; deterministic SHA-256 rank"
"192","kinki-shrine-temple-sites-v5-nested-192","粉河寺","寺院建築","重要文化財","和歌山県","近畿","34.279140","135.403719","文化庁・国指定文化財等DB","https://kunishitei.bunka.go.jp/bsys/index","102-2858","文化庁DBの緯度・経度欄","official-background","shrine/temple official pool; region+category quotas; 2km spacing; deterministic SHA-256 rank"
"193","kinki-shrine-temple-sites-v5-nested-193","圓成寺宇賀神本殿","神社建築","重要文化財","奈良県","近畿","34.695801","135.915675","文化庁・国指定文化財等DB","https://kunishitei.bunka.go.jp/bsys/index","102-2513","文化庁DBの緯度・経度欄","official-background","shrine/temple official pool; region+category quotas; 2km spacing; deterministic SHA-256 rank"
"194","kinki-shrine-temple-sites-v5-nested-194","室生寺本堂(灌頂堂)","寺院建築","国宝","奈良県","近畿","34.537861","136.040610","文化庁・国指定文化財等DB","https://kunishitei.bunka.go.jp/bsys/index","102-2764","文化庁DBの緯度・経度欄","official-background","shrine/temple official pool; region+category quotas; 2km spacing; deterministic SHA-256 rank"
"195","kinki-shrine-temple-sites-v5-nested-195","金剛三昧院経蔵","寺院建築","重要文化財","和歌山県","近畿","34.209840","135.586955","文化庁・国指定文化財等DB","https://kunishitei.bunka.go.jp/bsys/index","102-2891","文化庁DBの緯度・経度欄","official-background","shrine/temple official pool; region+category quotas; 2km spacing; deterministic SHA-256 rank"
"196","kinki-shrine-temple-sites-v5-nested-196","護国院鐘楼","寺院建築","重要文化財","和歌山県","近畿","34.184567","135.190058","文化庁・国指定文化財等DB","https://kunishitei.bunka.go.jp/bsys/index","102-2809","文化庁DBの緯度・経度欄","official-background","shrine/temple official pool; region+category quotas; 2km spacing; deterministic SHA-256 rank"
"197","kinki-shrine-temple-sites-v5-nested-197","宇治上神社拝殿","神社建築","国宝","京都府","近畿","34.891976","135.811307","文化庁・国指定文化財等DB","https://kunishitei.bunka.go.jp/bsys/index","102-1947","文化庁DBの緯度・経度欄","official-background","shrine/temple official pool; region+category quotas; 2km spacing; deterministic SHA-256 rank"
"198","kinki-shrine-temple-sites-v5-nested-198","竜泉寺仁王門","寺院建築","重要文化財","大阪府","近畿","34.461622","135.597754","文化庁・国指定文化財等DB","https://kunishitei.bunka.go.jp/bsys/index","102-2183","文化庁DBの緯度・経度欄","official-background","shrine/temple official pool; region+category quotas; 2km spacing; deterministic SHA-256 rank"
"199","kinki-shrine-temple-sites-v5-nested-199","天満神社本殿","神社建築","重要文化財","和歌山県","近畿","34.191629","135.164247","文化庁・国指定文化財等DB","https://kunishitei.bunka.go.jp/bsys/index","102-2818","文化庁DBの緯度・経度欄","official-background","shrine/temple official pool; region+category quotas; 2km spacing; deterministic SHA-256 rank"
"200","kinki-shrine-temple-sites-v5-nested-200","広八幡神社楼門","神社建築","重要文化財","和歌山県","近畿","34.017783","135.174903","文化庁・国指定文化財等DB","https://kunishitei.bunka.go.jp/bsys/index","102-2904","文化庁DBの緯度・経度欄","official-background","shrine/temple official pool; region+category quotas; 2km spacing; deterministic SHA-256 rank"
